source_file,source_sheet,source_row,period,member_id,member_name,shares,scheduled_amount_raw,total_received_raw,payment_date,gateway_raw,gateway_normalized,receiver_raw,previous_due_raw,due_raw,penalty_raw,paid_penalty_raw,cashout_charge_raw,balance_raw,comment,penalty_fill,due_fill,manifest_status,posting_decision
Month_April_2024.xlsx,"April, 2024",3,2024-04,NSF001,Salah Uddin Shuvo -Director,5.00,2600.00,2600.00,2024-04-25T00:00:00,Bank,Bank,Moin,,0.00,100.00,,,,penalty 100 paid,00000000,00000000,PAYMENT_CANDIDATE,PENDING_RECONCILIATION
Month_April_2024.xlsx,"April, 2024",4,2024-04,NSF002,Safiqul Islam -President,4.00,,,,,,,,2000.00,80.00,,,,penalty unpaid,FFFFFF00,FFFFFF00,DUE_OR_UNPAID_REVIEW,PENDING_RECONCILIATION
Month_April_2024.xlsx,"April, 2024",5,2024-04,NSF003,Moin Uddin -Accountant,2.00,1000.00,1000.00,2023-04-05T00:00:00,Cash,Cash,Moin,,0.00,0.00,,,,,00000000,00000000,PAYMENT_CANDIDATE,PENDING_RECONCILIATION
Month_April_2024.xlsx,"April, 2024",6,2024-04,NSF004,Nurul Amin Samrat -Asst. Acc,4.00,2000.00,2000.00,2024-04-05T00:00:00,Nagad,Nagad,Samrat,,0.00,0.00,,,,,00000000,00000000,PAYMENT_CANDIDATE,PENDING_RECONCILIATION
Month_April_2024.xlsx,"April, 2024",7,2024-04,NSF005,Nayem Islam -GS,2.00,1000.00,1000.00,2024-04-12T00:00:00,Cash,Cash,Moin,,0.00,0.00,,,,,00000000,00000000,PAYMENT_CANDIDATE,PENDING_RECONCILIATION
Month_April_2024.xlsx,"April, 2024",8,2024-04,NSF006,Abdul Hannan Khan -Convener,1.00,500.00,500.00,2024-04-12T00:00:00,Cash,Cash,Moin,,0.00,0.00,,,,,00000000,00000000,PAYMENT_CANDIDATE,PENDING_RECONCILIATION
Month_April_2024.xlsx,"April, 2024",9,2024-04,NSF007,Bayzid Hasan,1.00,,,,,,,,,,,,,He will not continue with us,FFFF0000,FFFF0000,DUE_OR_UNPAID_REVIEW,PENDING_RECONCILIATION
Month_April_2024.xlsx,"April, 2024",10,2024-04,NSF008,Munzur Rahman Munib,1.00,500.00,500.00,2024-04-12T00:00:00,Cash,Cash,Moin,,0.00,0.00,,,,,00000000,00000000,PAYMENT_CANDIDATE,PENDING_RECONCILIATION
Month_April_2024.xlsx,"April, 2024",11,2024-04,NSF009,Mizanur Rahman,1.00,500.00,500.00,2024-04-08T00:00:00,Bkash,bKash,Moin,,0.00,0.00,,,,,00000000,00000000,PAYMENT_CANDIDATE,PENDING_RECONCILIATION
Month_April_2024.xlsx,"April, 2024",12,2024-04,NSF010,H. M Mahmudul Hasan,1.00,500.00,500.00,2024-04-01T00:00:00,Bkash,bKash,Moin,,0.00,0.00,,,,,00000000,00000000,PAYMENT_CANDIDATE,PENDING_RECONCILIATION
Month_April_2024.xlsx,"April, 2024",13,2024-04,NSF011,Shoaib Ali,2.00,1040.00,1040.00,2024-04-17T00:00:00,Cash,Cash,Samrat,,0.00,0.00,,,,penalty 40 paid,00000000,00000000,PAYMENT_CANDIDATE,PENDING_RECONCILIATION
Month_April_2024.xlsx,"April, 2024",14,2024-04,NSF012,Rakib Talukder,2.00,1000.00,1000.00,2024-04-12T00:00:00,Cash,Cash,Samrat,,0.00,0.00,,,,,00000000,00000000,PAYMENT_CANDIDATE,PENDING_RECONCILIATION
Month_April_2024.xlsx,"April, 2024",15,2024-04,NSF013,H. M Ali Hossain,2.00,1000.00,1000.00,2024-04-15T00:00:00,Bkash,bKash,Moin,,10.00,0.00,,,,Cash out cahrge 10 tk will add in may,FFFFFF00,FFFFFF00,PAYMENT_CANDIDATE,PENDING_RECONCILIATION
Month_April_2024.xlsx,"April, 2024",16,2024-04,NSF014,MD. Mustafizur Rahman Kollol,6.00,3000.00,3000.00,2024-04-05T00:00:00,Bank,Bank,Moin,,0.00,0.00,,,,,00000000,00000000,PAYMENT_CANDIDATE,PENDING_RECONCILIATION
Month_April_2024.xlsx,"April, 2024",17,2024-04,NSF015,Kawsar Ullah,1.00,500.00,500.00,2024-04-12T00:00:00,Cash,Cash,Samrat,,0.00,0.00,,,,,00000000,00000000,PAYMENT_CANDIDATE,PENDING_RECONCILIATION
Month_April_2024.xlsx,"April, 2024",18,2024-04,NSF016,Arifur Rahman -Patuakhali,1.00,500.00,500.00,2024-04-11T00:00:00,Nagad,Nagad,Samrat,,0.00,0.00,,,,,00000000,00000000,PAYMENT_CANDIDATE,PENDING_RECONCILIATION
Month_April_2024.xlsx,"April, 2024",19,2024-04,NSF017,Mamun Mridha,4.00,2000.00,2000.00,2024-04-11T00:00:00,Nagad,Nagad,Samrat,,0.00,0.00,,,,,00000000,00000000,PAYMENT_CANDIDATE,PENDING_RECONCILIATION
Month_April_2024.xlsx,"April, 2024",20,2024-04,NSF018,Masum Billah,2.00,1000.00,1000.00,2024-04-22T00:00:00,Bkash,bKash,Moin,,40.00,40.00,,,,penalty unpaid,FFFFFF00,FFFFFF00,PAYMENT_CANDIDATE,PENDING_RECONCILIATION
Month_April_2024.xlsx,"April, 2024",21,2024-04,NSF019,Mamun Al Mahin- Ptk,2.00,1000.00,1000.00,2024-04-22T00:00:00,Bank,Bank,Moin,,40.00,40.00,,,,penalty unpaid,FFFFFF00,FFFFFF00,PAYMENT_CANDIDATE,PENDING_RECONCILIATION
Month_April_2024.xlsx,"April, 2024",22,2024-04,NSF020,Nasim Billah Rafi,1.00,,,,,,,,520.00,20.00,,,,April payment unpaid,FFFFFF00,FFFFFF00,DUE_OR_UNPAID_REVIEW,PENDING_RECONCILIATION
Month_April_2024.xlsx,"April, 2024",23,2024-04,NSF021,MD. Tawhid Islam,2.00,1000.00,1000.00,2024-04-15T00:00:00,Cash,Cash,Samrat,,0.00,0.00,,,,,00000000,00000000,PAYMENT_CANDIDATE,PENDING_RECONCILIATION
Month_April_2024.xlsx,"April, 2024",24,2024-04,NSF022,Mahmudur Rahman Hasib,2.00,1000.00,1000.00,2024-04-15T00:00:00,Cash,Cash,Samrat,,0.00,0.00,,,,,00000000,00000000,PAYMENT_CANDIDATE,PENDING_RECONCILIATION
Month_April_2024.xlsx,"April, 2024",25,2024-04,NSF023,MD. Abdullah Al Jobair,1.00,500.00,500.00,2024-04-15T00:00:00,Bkash,bKash,Moin,,0.00,0.00,,,,,FFFFFFFF,FFFFFFFF,PAYMENT_CANDIDATE,PENDING_RECONCILIATION
Month_April_2024.xlsx,"April, 2024",26,2024-04,NSF024,Arif - Gowranodi,1.00,540.00,540.00,2024-04-22T00:00:00,Bank,Bank,Moin,,0.00,40.00,,,,March + April penalty paid,00000000,00000000,PAYMENT_CANDIDATE,PENDING_RECONCILIATION
Month_April_2024.xlsx,"April, 2024",27,2024-04,NSF025,Sible Iqbal,2.00,1000.00,1000.00,2024-04-13T00:00:00,Bkash,bKash,Moin,,40.00,40.00,,,,Due 40 tk as march penalty unpaid,FFFFFF00,FFFFFF00,PAYMENT_CANDIDATE,PENDING_RECONCILIATION
Month_April_2024.xlsx,"April, 2024",28,2024-04,NSF026,Shikder Tanim,1.00,500.00,500.00,2024-04-08T00:00:00,Bank,Bank,Moin,,0.00,0.00,,,,,00000000,00000000,PAYMENT_CANDIDATE,PENDING_RECONCILIATION
Month_April_2024.xlsx,"April, 2024",29,2024-04,NSF027,Mamun Al Mahin (Khulna),2.00,2020.00,2020.00,2024-04-28T00:00:00,Bank,Bank,Moin,,60.00,80.00,,,,penalty unpaid,FFFFFF00,FFFFFF00,PAYMENT_CANDIDATE,PENDING_RECONCILIATION
Month_April_2024.xlsx,"April, 2024",30,2024-04,NSF028,Al Amin Sohel Khandaker,2.00,1040.00,1040.00,2024-04-25T00:00:00,Bkash,bKash,Moin,,0.00,40.00,,,,,00000000,FFFFFFFF,PAYMENT_CANDIDATE,PENDING_RECONCILIATION
Month_April_2024.xlsx,"April, 2024",31,2024-04,NSF029,Hasan Al Emran,1.00,500.00,500.00,2024-04-02T00:00:00,Bank,Bank,Moin,,0.00,0.00,,,,,00000000,00000000,PAYMENT_CANDIDATE,PENDING_RECONCILIATION
Month_April_2024.xlsx,"April, 2024",32,2024-04,NSF030,H. M Wali Ullah,2.00,1000.00,1000.00,2024-04-15T00:00:00,Bank,Bank,Moin,,0.00,0.00,,,,,00000000,00000000,PAYMENT_CANDIDATE,PENDING_RECONCILIATION
Month_April_2024.xlsx,"April, 2024",33,2024-04,NSF031,Yasin Arafat,1.00,Paid,Paid,2024-01-30T00:00:00,Bkash,bKash,Moin,,0.00,0.00,,,,Advanced paid in January,FFFFFFFF,FFFFFFFF,PAYMENT_CANDIDATE,PENDING_RECONCILIATION
Month_April_2024.xlsx,"April, 2024",34,2024-04,NSF032,Ahsan Ul Tanvir,2.00,,,,,,,,2080.00,80.00,,,,payment unppaid,FFFFFF00,FFFFFF00,DUE_OR_UNPAID_REVIEW,PENDING_RECONCILIATION
Month_April_2024.xlsx,"April, 2024",35,2024-04,NSF033,H. M Sakawat Ullah,2.00,,,,,,,,1040.00,40.00,,,,payment unppaid,FFFFFF00,FFFFFF00,DUE_OR_UNPAID_REVIEW,PENDING_RECONCILIATION
Month_April_2024.xlsx,"April, 2024",36,2024-04,NSF034,Abu Bakar Rohan,6.00,,,,,,,,,,,,,,00000000,00000000,DUE_OR_UNPAID_REVIEW,PENDING_RECONCILIATION
Month_April_2024.xlsx,"April, 2024",37,2024-04,NSF035,Mamunur Rashid,1.00,,,,,,,,,,,,,,00000000,00000000,DUE_OR_UNPAID_REVIEW,PENDING_RECONCILIATION
Month_April_2024.xlsx,"April, 2024",38,2024-04,NSF036,,,,,,,,,,,,,,,,00000000,00000000,DUE_OR_UNPAID_REVIEW,PENDING_RECONCILIATION
Month_April_2024.xlsx,"April, 2024",39,2024-04,NSF037,,,,,,,,,,,,,,,,00000000,00000000,DUE_OR_UNPAID_REVIEW,PENDING_RECONCILIATION
Month_April_2024.xlsx,"April, 2024",40,2024-04,NSF038,,,,,,,,,,,,,,,,00000000,00000000,DUE_OR_UNPAID_REVIEW,PENDING_RECONCILIATION
Month_April_2024.xlsx,"April, 2024",41,2024-04,NSF039,,,,,,,,,,,,,,,,00000000,00000000,DUE_OR_UNPAID_REVIEW,PENDING_RECONCILIATION
Month_April_2024.xlsx,"April, 2024",42,2024-04,NSF040,,,,,,,,,,,,,,,,00000000,00000000,DUE_OR_UNPAID_REVIEW,PENDING_RECONCILIATION
Month_April_2024.xlsx,"April, 2024",43,2024-04,NSF041,,,,,,,,,,,,,,,,00000000,00000000,DUE_OR_UNPAID_REVIEW,PENDING_RECONCILIATION
Month_April_2024.xlsx,"April, 2024",44,2024-04,NSF042,,,,,,,,,,,,,,,,00000000,00000000,DUE_OR_UNPAID_REVIEW,PENDING_RECONCILIATION
Month_April_2024.xlsx,"April, 2024",45,2024-04,NSF043,,,,,,,,,,,,,,,,00000000,00000000,DUE_OR_UNPAID_REVIEW,PENDING_RECONCILIATION
Month_April_2024.xlsx,"April, 2024",46,2024-04,NSF044,,,,,,,,,,,,,,,,00000000,00000000,DUE_OR_UNPAID_REVIEW,PENDING_RECONCILIATION
Month_April_2024.xlsx,"April, 2024",47,2024-04,NSF045,,,,,,,,,,,,,,,,00000000,00000000,DUE_OR_UNPAID_REVIEW,PENDING_RECONCILIATION
Month_April_2024.xlsx,"April, 2024",48,2024-04,NSF046,,,,,,,,,,,,,,,,00000000,00000000,DUE_OR_UNPAID_REVIEW,PENDING_RECONCILIATION
Month_August_2024.xlsx,"August, 2024",3,2024-08,NSF001,Salah Uddin Shuvo -Director,5.00,2500.00,2500.00,2024-08-27T00:00:00,Bank,Bank,Moin,,0.00,0.00,,,,,00000000,00000000,PAYMENT_CANDIDATE,PENDING_RECONCILIATION
Month_August_2024.xlsx,"August, 2024",4,2024-08,NSF002,Safiqul Islam -President,3.00,1500.00,1500.00,2024-08-15T00:00:00,Bkash,bKash,Moin,,0.00,0.00,,,,,00000000,00000000,PAYMENT_CANDIDATE,PENDING_RECONCILIATION
Month_August_2024.xlsx,"August, 2024",5,2024-08,NSF003,Moin Uddin -Accountant,2.00,1000.00,1000.00,2024-08-15T00:00:00,Bank,Bank,Moin,,0.00,0.00,,,,,00000000,00000000,PAYMENT_CANDIDATE,PENDING_RECONCILIATION
Month_August_2024.xlsx,"August, 2024",6,2024-08,NSF004,Nurul Amin Samrat -Asst. Acc,4.00,2000.00,2000.00,2024-08-14T00:00:00,Bkash,bKash,Samrat,,0.00,0.00,,,,,00000000,00000000,PAYMENT_CANDIDATE,PENDING_RECONCILIATION
Month_August_2024.xlsx,"August, 2024",7,2024-08,NSF005,Nayem Islam -GS,2.00,,,,,,,,1000.00,0.00,,,,Due August payment. No penalty will be applied for Aug,FFFFFF00,FFFFFF00,DUE_OR_UNPAID_REVIEW,PENDING_RECONCILIATION
Month_August_2024.xlsx,"August, 2024",8,2024-08,NSF006,Abdul Hannan Khan -Convener,1.00,500.00,500.00,2024-08-18T00:00:00,Bkash,bKash,Moin,,0.00,0.00,,,,,00000000,00000000,PAYMENT_CANDIDATE,PENDING_RECONCILIATION
Month_August_2024.xlsx,"August, 2024",9,2024-08,NSF007,Bayzid Hasan,1.00,,,,,,,,,,,,,,FFFF0000,FFFF0000,DUE_OR_UNPAID_REVIEW,PENDING_RECONCILIATION
Month_August_2024.xlsx,"August, 2024",10,2024-08,NSF008,Munzur Rahman Munib,1.00,500.00,500.00,2024-08-29T00:00:00,Bkash,bKash,Moin,,0.00,,,,,,00000000,00000000,PAYMENT_CANDIDATE,PENDING_RECONCILIATION
Month_August_2024.xlsx,"August, 2024",11,2024-08,NSF009,Mizanur Rahman,1.00,500.00,500.00,2024-08-13T00:00:00,Bkash,bKash,Moin,,0.00,0.00,,,,,00000000,00000000,PAYMENT_CANDIDATE,PENDING_RECONCILIATION
Month_August_2024.xlsx,"August, 2024",12,2024-08,NSF010,H. M Mahmudul Hasan,1.00,500.00,500.00,2024-08-15T00:00:00,Bkash,bKash,Moin,,0.00,0.00,,,,,00000000,00000000,PAYMENT_CANDIDATE,PENDING_RECONCILIATION
Month_August_2024.xlsx,"August, 2024",13,2024-08,NSF011,Shoaib Ali,2.00,1000.00,1000.00,2024-08-15T00:00:00,Bkash,bKash,Moin,,0.00,0.00,,,,,00000000,00000000,PAYMENT_CANDIDATE,PENDING_RECONCILIATION
Month_August_2024.xlsx,"August, 2024",14,2024-08,NSF012,Rakib Talukder,2.00,,,,,,,,1030.00,30.00,,,,Due August paymen + 30 tk june penalty due. No penalty for August for all,FFFFFF00,FFFFFF00,DUE_OR_UNPAID_REVIEW,PENDING_RECONCILIATION
Month_August_2024.xlsx,"August, 2024",15,2024-08,NSF013,H. M Ali Hossain,2.00,2000.00,2000.00,2024-08-30T00:00:00,BKash,bKash,Samrat,,0.00,0.00,,,,,00000000,00000000,PAYMENT_CANDIDATE,PENDING_RECONCILIATION
Month_August_2024.xlsx,"August, 2024",16,2024-08,NSF014,MD. Mustafizur Rahman Kollol,6.00,6120.00,6120.00,2024-08-12T00:00:00,Bank,Bank,Moin,,0.00,120.00,,,,July+ August. All dues paid,FFFFFFFF,FFFFFFFF,PAYMENT_CANDIDATE,PENDING_RECONCILIATION
Month_August_2024.xlsx,"August, 2024",17,2024-08,NSF015,Kawsar Ullah,1.00,,,,,,,,1020.00,20.00,,,,July + Aug payment unpaid. No penalty for August for all,FFFFFF00,FFFFFF00,DUE_OR_UNPAID_REVIEW,PENDING_RECONCILIATION
Month_August_2024.xlsx,"August, 2024",18,2024-08,NSF016,Arifur Rahman -Patuakhali,1.00,,,,,,,,500.00,0.00,,,,Due August payment. No penalty for August for all,FFFFFF00,FFFFFF00,DUE_OR_UNPAID_REVIEW,PENDING_RECONCILIATION
Month_August_2024.xlsx,"August, 2024",19,2024-08,NSF017,Mamun Mridha,4.00,2000.00,2000.00,2024-08-14T00:00:00,nagad,Nagad,samrat,,0.00,0.00,,,,,00000000,00000000,PAYMENT_CANDIDATE,PENDING_RECONCILIATION
Month_August_2024.xlsx,"August, 2024",20,2024-08,NSF018,Masum Billah,2.00,1000.00,1000.00,2024-08-11T00:00:00,Bank,Bank,Moin,,40.00,40.00,,,,April penalty unpaid,FFFFFF00,FFFFFF00,PAYMENT_CANDIDATE,PENDING_RECONCILIATION
Month_August_2024.xlsx,"August, 2024",21,2024-08,NSF019,Mamun Al Mahin- Ptk,2.00,1000.00,1000.00,2024-08-11T00:00:00,Bank,Bank,Moin,,40.00,40.00,,,,April penalty unpaid,FFFFFF00,FFFFFF00,PAYMENT_CANDIDATE,PENDING_RECONCILIATION
Month_August_2024.xlsx,"August, 2024",22,2024-08,NSF020,Nasim Billah Rafi,1.00,,,,,,,,1560.00,60.00,,,,"Due June, July & Aug. May cash out charge. No penalty for Aug",FFFFFF00,FFFFFF00,DUE_OR_UNPAID_REVIEW,PENDING_RECONCILIATION
Month_August_2024.xlsx,"August, 2024",23,2024-08,NSF021,MD. Tawhid Islam,2.00,,,,,,,,1000.00,0.00,,,,Due August payment,FFFFFF00,FFFFFF00,DUE_OR_UNPAID_REVIEW,PENDING_RECONCILIATION
Month_August_2024.xlsx,"August, 2024",24,2024-08,NSF022,Mahmudur Rahman Hasib,2.00,,,,,,,,4120.00,120.00,,,,"May, June,  July, august payment unpaid. No penalty for Aug",FFFFFF00,FFFFFF00,DUE_OR_UNPAID_REVIEW,PENDING_RECONCILIATION
Month_August_2024.xlsx,"August, 2024",25,2024-08,NSF023,MD. Abdullah Al Jobair,2.00,,,,,,,,3090.00,80.00,,,,Due May cash out charge tk 10+ June + July + August payment + penalty. No penalty for Aug,FFFFFF00,FFFFFF00,DUE_OR_UNPAID_REVIEW,PENDING_RECONCILIATION
Month_August_2024.xlsx,"August, 2024",26,2024-08,NSF024,Arif - Gowranodi,1.00,500.00,500.00,2024-08-12T00:00:00,Bkash,bKash,Moin,,0.00,0.00,,,,,00000000,00000000,PAYMENT_CANDIDATE,PENDING_RECONCILIATION
Month_August_2024.xlsx,"August, 2024",27,2024-08,NSF025,Sible Iqbal,2.00,2010.00,2010.00,2024-08-20T00:00:00,Bkash,bKash,Moin,,70.00,80.00,,,,"July & Aug paid. Due July-40,Aug-30 penalty",FFFFFF00,FFFFFF00,PAYMENT_CANDIDATE,PENDING_RECONCILIATION
Month_August_2024.xlsx,"August, 2024",28,2024-08,NSF026,Shikder Tanim,1.00,500.00,500.00,2024-08-11T00:00:00,Bank,Bank,Moin,,0.00,0.00,,,,,00000000,00000000,PAYMENT_CANDIDATE,PENDING_RECONCILIATION
Month_August_2024.xlsx,"August, 2024",29,2024-08,NSF027,Mamun Al Mahin (Khulna),2.00,,,,,,,,3080.00,80.00,,,,Due June + July + August payment. No penalty for Aug,FFFFFF00,FFFFFF00,DUE_OR_UNPAID_REVIEW,PENDING_RECONCILIATION
Month_August_2024.xlsx,"August, 2024",30,2024-08,NSF028,Al Amin Sohel Khandaker,2.00,1000.00,1000.00,2024-08-11T00:00:00,Bkash,bKash,Moin,,10.00,0.00,,,,Cash out charge 10 tk due,00000000,00000000,PAYMENT_CANDIDATE,PENDING_RECONCILIATION
Month_August_2024.xlsx,"August, 2024",31,2024-08,NSF029,Hasan Al Emran,1.00,500.00,500.00,2024-08-11T00:00:00,Bank,Bank,Moin,,0.00,0.00,,,,,00000000,00000000,PAYMENT_CANDIDATE,PENDING_RECONCILIATION
Month_August_2024.xlsx,"August, 2024",32,2024-08,NSF030,H. M Wali Ullah,2.00,1000.00,1000.00,2024-08-29T00:00:00,Bank,Bank,Moin,,0.00,0.00,,,,,00000000,00000000,PAYMENT_CANDIDATE,PENDING_RECONCILIATION
Month_August_2024.xlsx,"August, 2024",33,2024-08,NSF031,Yasin Arafat,1.00,Paid,Paid,2024-05-18T00:00:00,Bkash,bKash,Moin,,0.00,0.00,,,,Advanced Paid in May,00000000,00000000,PAYMENT_CANDIDATE,PENDING_RECONCILIATION
Month_August_2024.xlsx,"August, 2024",34,2024-08,NSF032,Ahsan Ul Tanvir,2.00,,,,,,,,6200.00,200.00,,,,Due Mar-Aug Share payments. No penalty for Aug,FFFFFF00,FFFFFF00,DUE_OR_UNPAID_REVIEW,PENDING_RECONCILIATION
Month_August_2024.xlsx,"August, 2024",35,2024-08,NSF033,H. M Sakawat Ullah,2.00,5160.00,5160.00,2024-08-28T00:00:00,Bkash,bKash,Moin,,0.00,0.00,,,,Paid all Due April-July Share amounts,00000000,00000000,PAYMENT_CANDIDATE,PENDING_RECONCILIATION
Month_August_2024.xlsx,"August, 2024",36,2024-08,NSF034,Abu Bakar Rohan,6.00,3000.00,3000.00,2024-08-30T00:00:00,Bkash,bKash,Moin,,15000.00,0.00,,,,Due Jan-May Share amounts,00000000,00000000,PAYMENT_CANDIDATE,PENDING_RECONCILIATION
Month_August_2024.xlsx,"August, 2024",37,2024-08,NSF035,Mamunur Rashid,1.00,,,,,,,,,,,,,,FFFFFFFF,FFFFFFFF,DUE_OR_UNPAID_REVIEW,PENDING_RECONCILIATION
Month_August_2024.xlsx,"August, 2024",38,2024-08,NSF036,,,,,,,,,,,,,,,,FFFFFFFF,FFFFFFFF,DUE_OR_UNPAID_REVIEW,PENDING_RECONCILIATION
Month_August_2024.xlsx,"August, 2024",39,2024-08,NSF037,,,No Penalty fee applied for August due to July Revolution,No Penalty fee applied for August due to July Revolution,,,,,,,,,,,,00000000,00000000,PAYMENT_CANDIDATE,PENDING_RECONCILIATION
Month_August_2024.xlsx,"August, 2024",40,2024-08,NSF038,,,,,,,,,,,,,,,,00000000,00000000,DUE_OR_UNPAID_REVIEW,PENDING_RECONCILIATION
Month_August_2024.xlsx,"August, 2024",41,2024-08,NSF039,,,,,,,,,,,,,,,,00000000,00000000,DUE_OR_UNPAID_REVIEW,PENDING_RECONCILIATION
Month_August_2024.xlsx,"August, 2024",42,2024-08,NSF040,,,,,,,,,,,,,,,,00000000,00000000,DUE_OR_UNPAID_REVIEW,PENDING_RECONCILIATION
Month_August_2024.xlsx,"August, 2024",43,2024-08,NSF041,,,,,,,,,,,,,,,,00000000,00000000,DUE_OR_UNPAID_REVIEW,PENDING_RECONCILIATION
Month_August_2024.xlsx,"August, 2024",44,2024-08,NSF042,,,,,,,,,,,,,,,,00000000,00000000,DUE_OR_UNPAID_REVIEW,PENDING_RECONCILIATION
Month_August_2024.xlsx,"August, 2024",45,2024-08,NSF043,,,,,,,,,,,,,,,,00000000,00000000,DUE_OR_UNPAID_REVIEW,PENDING_RECONCILIATION
Month_August_2024.xlsx,"August, 2024",46,2024-08,NSF044,,,,,,,,,,,,,,,,00000000,00000000,DUE_OR_UNPAID_REVIEW,PENDING_RECONCILIATION
Month_August_2024.xlsx,"August, 2024",47,2024-08,NSF045,,,,,,,,,,,,,,,,00000000,00000000,DUE_OR_UNPAID_REVIEW,PENDING_RECONCILIATION
Month_August_2024.xlsx,"August, 2024",48,2024-08,NSF046,,,,,,,,,,,,,,,,00000000,00000000,DUE_OR_UNPAID_REVIEW,PENDING_RECONCILIATION
Month_December_2024.xlsx,"Dec, 2024",3,2024-12,NSF001,Salah Uddin Shuvo -Director,5.00,2500.00,2500.00,2024-12-12T00:00:00,Bank,Bank,Moin,,0.00,0.00,,,,All Paid,00000000,00000000,PAYMENT_CANDIDATE,PENDING_RECONCILIATION
Month_December_2024.xlsx,"Dec, 2024",4,2024-12,NSF002,Safiqul Islam -President,3.00,1500.00,1500.00,2024-12-02T00:00:00,Bank,Bank,Moin,,0.00,0.00,,,1500.00,No. of Share adjusted with 3 share. All Paid. January 25 advance 1500 tk.,00000000,00000000,PAYMENT_CANDIDATE,PENDING_RECONCILIATION
Month_December_2024.xlsx,"Dec, 2024",5,2024-12,NSF003,Moin Uddin -Accountant,2.00,1000.00,1000.00,2024-12-10T00:00:00,Bank,Bank,Moin,,0.00,0.00,,,,All Paid,00000000,00000000,PAYMENT_CANDIDATE,PENDING_RECONCILIATION
Month_December_2024.xlsx,"Dec, 2024",6,2024-12,NSF004,Nurul Amin Samrat -Asst. Acc,4.00,2000.00,2000.00,2024-12-10T00:00:00,Nagad,Nagad,Samrat,,0.00,,,,,All Paid,FFFFFFFF,FFFFFFFF,PAYMENT_CANDIDATE,PENDING_RECONCILIATION
Month_December_2024.xlsx,"Dec, 2024",7,2024-12,NSF005,Nayem Islam -GS,2.00,1000.00,1000.00,2024-12-12T00:00:00,Bkash,bKash,Moin,,0.00,0.00,,,,All Paid,00000000,00000000,PAYMENT_CANDIDATE,PENDING_RECONCILIATION
Month_December_2024.xlsx,"Dec, 2024",8,2024-12,NSF006,Abdul Hannan Khan -Convener,1.00,510.00,510.00,2024-12-09T00:00:00,Bkash,bKash,Moin,,0.00,10.00,,,,Paid penalty 10 tk. All Paid,00000000,00000000,PAYMENT_CANDIDATE,PENDING_RECONCILIATION
Month_December_2024.xlsx,"Dec, 2024",9,2024-12,NSF007,Bayzid Hasan,1.00,,,,,,,,,,,,,,FFFF0000,FFFF0000,DUE_OR_UNPAID_REVIEW,PENDING_RECONCILIATION
Month_December_2024.xlsx,"Dec, 2024",10,2024-12,NSF008,Munzur Rahman Munib,1.00,500.00,500.00,2024-12-09T00:00:00,Bank,Bank,Moin,,0.00,0.00,,,,All Paid,FFFFFFFF,00000000,PAYMENT_CANDIDATE,PENDING_RECONCILIATION
Month_December_2024.xlsx,"Dec, 2024",11,2024-12,NSF009,Mizanur Rahman,2.00,6500.00,6500.00,2024-12-11T00:00:00,Bkash,bKash,Moin,,0.00,0.00,,,,Taken another share & paid at once for all months. All Paid,00000000,00000000,PAYMENT_CANDIDATE,PENDING_RECONCILIATION
Month_December_2024.xlsx,"Dec, 2024",12,2024-12,NSF010,H. M Mahmudul Hasan,1.00,500.00,500.00,2024-12-01T00:00:00,Bkash,bKash,Moin,,0.00,0.00,,,,All paid,00000000,00000000,PAYMENT_CANDIDATE,PENDING_RECONCILIATION
Month_December_2024.xlsx,"Dec, 2024",13,2024-12,NSF011,Shoaib Ali,2.00,2030.00,2030.00,2024-12-08T00:00:00,Nagad,Nagad,Samrat,,10.00,40.00,,,,Due 10 tk penalty. Paid 30 tk penalty.,FFFFFFFF,FFFFFFFF,PAYMENT_CANDIDATE,PENDING_RECONCILIATION
Month_December_2024.xlsx,"Dec, 2024",14,2024-12,NSF012,Rakib Talukder,2.00,,,,,,,,2050.00,50.00,,,,Due Nov+Dec payment,FFFFFFFF,FFFFFFFF,DUE_OR_UNPAID_REVIEW,PENDING_RECONCILIATION
Month_December_2024.xlsx,"Dec, 2024",15,2024-12,NSF013,H. M Ali Hossain,2.00,1040.00,1040.00,2024-12-12T00:00:00,Bkash,bKash,Moin,,0.00,40.00,,,,Penalty 40 tk paid. All Paid,FFFFFFFF,FFFFFFFF,PAYMENT_CANDIDATE,PENDING_RECONCILIATION
Month_December_2024.xlsx,"Dec, 2024",16,2024-12,NSF014,MD. Mustafizur Rahman Kollol,6.00,3000.00,3000.00,2024-12-04T00:00:00,Bank,Bank,Moin,,0.00,0.00,,,,All Paid,00000000,00000000,PAYMENT_CANDIDATE,PENDING_RECONCILIATION
Month_December_2024.xlsx,"Dec, 2024",17,2024-12,NSF015,Kawsar Ullah,1.00,3100.00,3100.00,2024-12-14T00:00:00,Bkash,bKash,Samrat,,0.00,100.00,,,,Penalty July-December 100 tk penalty fee paid. All Paid,00000000,00000000,PAYMENT_CANDIDATE,PENDING_RECONCILIATION
Month_December_2024.xlsx,"Dec, 2024",18,2024-12,NSF016,Arifur Rahman -Patuakhali,1.00,500.00,500.00,2024-12-14T00:00:00,Bank,Bank,Moin,,0.00,0.00,,,,All Paid,00000000,00000000,PAYMENT_CANDIDATE,PENDING_RECONCILIATION
Month_December_2024.xlsx,"Dec, 2024",19,2024-12,NSF017,Mamun Mridha,4.00,2000.00,2000.00,2024-12-10T00:00:00,Nagad,Nagad,Samrat,,0.00,0.00,,,,All Paid,FFFFFFFF,FFFFFFFF,PAYMENT_CANDIDATE,PENDING_RECONCILIATION
Month_December_2024.xlsx,"Dec, 2024",20,2024-12,NSF018,Masum Billah,2.00,1000.00,1000.00,2024-12-09T00:00:00,Bank,Bank,Moin,,0.00,0.00,,,,All Paid,00000000,00000000,PAYMENT_CANDIDATE,PENDING_RECONCILIATION
Month_December_2024.xlsx,"Dec, 2024",21,2024-12,NSF019,Mamun Al Mahin- Ptk,2.00,1000.00,1000.00,2024-12-09T00:00:00,Bank,Bank,Moin,,40.00,40.00,,,,Due April penalty,FFFFFFFF,FFFFFFFF,PAYMENT_CANDIDATE,PENDING_RECONCILIATION
Month_December_2024.xlsx,"Dec, 2024",22,2024-12,NSF020,Nasim Billah Rafi,1.00,,,,,,,,3640.00,140.00,,,,Due June-Dec payment+May cash out charge 20 tk,FFFFFFFF,FFFFFFFF,DUE_OR_UNPAID_REVIEW,PENDING_RECONCILIATION
Month_December_2024.xlsx,"Dec, 2024",23,2024-12,NSF021,MD. Tawhid Islam,2.00,2040.00,2040.00,2024-12-15T00:00:00,bkash,bKash,Samrat,,0.00,40.00,,,,Nov due+ penalty paid. All paid,FFFFFFFF,FFFFFFFF,PAYMENT_CANDIDATE,PENDING_RECONCILIATION
Month_December_2024.xlsx,"Dec, 2024",24,2024-12,NSF022,Mahmudur Rahman Hasib,2.00,,,,,,,,8280.00,280.00,,,,May-Dec payment unpaid,FFFFFFFF,FFFFFFFF,DUE_OR_UNPAID_REVIEW,PENDING_RECONCILIATION
Month_December_2024.xlsx,"Dec, 2024",25,2024-12,NSF023,MD. Abdullah Al Jobair,1.00,3130.00,3130.00,2025-01-01T00:00:00,Bank,Bank,Moin,,0.00,0.00,,,,Paid May cash out charge tk 10+ june - Dec payment + penalty. No. of Share adjusted with 1 share.,FFFFFFFF,FFFFFFFF,PAYMENT_CANDIDATE,PENDING_RECONCILIATION
Month_December_2024.xlsx,"Dec, 2024",26,2024-12,NSF024,Arif - Gowranodi,1.00,1020.00,1020.00,2024-12-01T00:00:00,Bkash,bKash,Moin,,0.00,20.00,,,,Nov Penalty fee 20 tk paid. All paid,00000000,00000000,PAYMENT_CANDIDATE,PENDING_RECONCILIATION
Month_December_2024.xlsx,"Dec, 2024",27,2024-12,NSF025,Sible Iqbal,2.00,,,,,,,,4230.00,230.00,,,,"Due July, aug penalty+Sept+Oct+Nov+Dec payment & penalty.",FFFFFFFF,FFFFFFFF,DUE_OR_UNPAID_REVIEW,PENDING_RECONCILIATION
Month_December_2024.xlsx,"Dec, 2024",28,2024-12,NSF026,Shikder Tanim,1.00,500.00,500.00,2024-12-09T00:00:00,Bank,Bank,Moin,,0.00,0.00,,,,All Paid,00000000,00000000,PAYMENT_CANDIDATE,PENDING_RECONCILIATION
Month_December_2024.xlsx,"Dec, 2024",29,2024-12,NSF027,Mamun Al Mahin (Khulna),1.00,500.00,500.00,2024-12-10T00:00:00,Bank,Bank,Moin,,620.00,120.00,,,,Paid 500 tk. Due 120 tk June - dec penalty. No. of share adjusted with 1 share.,FFFFFFFF,FFFFFFFF,PAYMENT_CANDIDATE,PENDING_RECONCILIATION
Month_December_2024.xlsx,"Dec, 2024",30,2024-12,NSF028,Al Amin Sohel Khandaker,2.00,Paid,Paid,2024-11-07T00:00:00,Bank,Bank,Moin,,0.00,0.00,,,,Adv paid for Nov & Dec,00000000,00000000,PAYMENT_CANDIDATE,PENDING_RECONCILIATION
Month_December_2024.xlsx,"Dec, 2024",31,2024-12,NSF029,Hasan Al Emran,1.00,500.00,500.00,2024-12-11T00:00:00,Bank,Bank,Moin,,0.00,0.00,,,,All Paid,00000000,00000000,PAYMENT_CANDIDATE,PENDING_RECONCILIATION
Month_December_2024.xlsx,"Dec, 2024",32,2024-12,NSF030,H. M Wali Ullah,2.00,2040.00,2040.00,2024-12-24T00:00:00,Bank,Bank,Moin,,40.00,40.00,,,,Due Dec Penalty fee 40 tk. Paid Nov+Dec payment + 40 tk Nov penalty fee.,00000000,00000000,PAYMENT_CANDIDATE,PENDING_RECONCILIATION
Month_December_2024.xlsx,"Dec, 2024",33,2024-12,NSF031,Yasin Arafat,1.00,Paid,Paid,2024-11-18T00:00:00,Bkash,bKash,Moin,,0.00,0.00,,,,Adv paid for Sept-Dec 24.,00000000,00000000,PAYMENT_CANDIDATE,PENDING_RECONCILIATION
Month_December_2024.xlsx,"Dec, 2024",34,2024-12,NSF032,Ahsan Ul Tanvir,2.00,,,,,,,,10400.00,400.00,,,,Due March-Decmber payment,FFFFFFFF,FFFFFFFF,DUE_OR_UNPAID_REVIEW,PENDING_RECONCILIATION
Month_December_2024.xlsx,"Dec, 2024",35,2024-12,NSF033,H. M Sakawat Ullah,2.00,2100.00,2100.00,2024-12-13T00:00:00,BKash,bKash,Moin,,0.00,100.00,,,,Paid Nov & Dec payment with due 100 tk penalties. All Paid,FFFFFFFF,FFFFFFFF,PAYMENT_CANDIDATE,PENDING_RECONCILIATION
Month_December_2024.xlsx,"Dec, 2024",36,2024-12,NSF034,Abu Bakar Rohan,4.00,6000.00,6000.00,2024-12-30T00:00:00,Bkash,bKash,Moin,,0.00,0.00,,,,He paid December payment 3000 tk in 14 Dec. Then he adjusted his No. of shares with 4 share and Paid 3000 tk in 30 Dec 24. All clear.,FFFFFFFF,FFFFFFFF,PAYMENT_CANDIDATE,PENDING_RECONCILIATION
Month_December_2024.xlsx,"Dec, 2024",37,2024-12,NSF035,Mamunur Rashid,1.00,Paid,Paid,2024-10-07T00:00:00,Bank,Bank,Moin,,0.00,0.00,,,,Advanced. He joined in October & paid January-December-24 at once.,00000000,00000000,PAYMENT_CANDIDATE,PENDING_RECONCILIATION
Month_December_2024.xlsx,"Dec, 2024",38,2024-12,NSF036,,,,,,,,,,,,,,,,FFFFFFFF,FFFFFFFF,DUE_OR_UNPAID_REVIEW,PENDING_RECONCILIATION
Month_February_2024.xlsx,"February, 2024",3,2024-02,NSF001,Salah Uddin Shuvo -Director,5.00,2500.00,2500.00,2024-02-07T00:00:00,Bank,Bank,Moin,,0.00,0.00,,,,,00000000,00000000,PAYMENT_CANDIDATE,PENDING_RECONCILIATION
Month_February_2024.xlsx,"February, 2024",4,2024-02,NSF002,Safiqul Islam -President,4.00,2000.00,2000.00,2024-02-06T00:00:00,Bank,Bank,Moin,,0.00,0.00,,,,,00000000,00000000,PAYMENT_CANDIDATE,PENDING_RECONCILIATION
Month_February_2024.xlsx,"February, 2024",5,2024-02,NSF003,Moin Uddin -Accountant,2.00,1000.00,1000.00,2024-02-11T00:00:00,Bkash,bKash,Moin,,0.00,0.00,,,,,00000000,00000000,PAYMENT_CANDIDATE,PENDING_RECONCILIATION
Month_February_2024.xlsx,"February, 2024",6,2024-02,NSF004,Nurul Amin Samrat -Asst. Acc,4.00,2000.00,2000.00,2024-02-10T00:00:00,Nagad,Nagad,Samrat,,0.00,0.00,,,,,00000000,00000000,PAYMENT_CANDIDATE,PENDING_RECONCILIATION
Month_February_2024.xlsx,"February, 2024",7,2024-02,NSF005,Nayem Islam -GS,2.00,1000.00,1000.00,2024-02-05T00:00:00,Bkash,bKash,Moin,,0.00,0.00,,,,,00000000,00000000,PAYMENT_CANDIDATE,PENDING_RECONCILIATION
Month_February_2024.xlsx,"February, 2024",8,2024-02,NSF006,Abdul Hannan Khan -Convener,1.00,500.00,500.00,2024-02-10T00:00:00,Bkash,bKash,Moin,,0.00,0.00,,,,,FFFFFFFF,FFFFFFFF,PAYMENT_CANDIDATE,PENDING_RECONCILIATION
Month_February_2024.xlsx,"February, 2024",9,2024-02,NSF007,Bayzid Hasan,1.00,500.00,500.00,2024-02-15T00:00:00,Nagad,Nagad,Samrat,,0.00,0.00,,,,,00000000,00000000,PAYMENT_CANDIDATE,PENDING_RECONCILIATION
Month_February_2024.xlsx,"February, 2024",10,2024-02,NSF008,Munzur Rahman Munib,1.00,500.00,500.00,2024-02-15T00:00:00,Bkash,bKash,Moin,,0.00,0.00,,,,,00000000,00000000,PAYMENT_CANDIDATE,PENDING_RECONCILIATION
Month_February_2024.xlsx,"February, 2024",11,2024-02,NSF009,Mizanur Rahman,1.00,500.00,500.00,2024-02-10T00:00:00,Bkash,bKash,Moin,,0.00,0.00,,,,,00000000,00000000,PAYMENT_CANDIDATE,PENDING_RECONCILIATION
Month_February_2024.xlsx,"February, 2024",12,2024-02,NSF010,H. M Mahmudul Hasan,1.00,500.00,500.00,2024-02-15T00:00:00,Bkash,bKash,Moin,,0.00,0.00,,,,,00000000,00000000,PAYMENT_CANDIDATE,PENDING_RECONCILIATION
Month_February_2024.xlsx,"February, 2024",13,2024-02,NSF011,Shoaib Ali,2.00,1000.00,1000.00,2024-02-12T00:00:00,Bkash,bKash,Moin,,0.00,0.00,,,,,00000000,00000000,PAYMENT_CANDIDATE,PENDING_RECONCILIATION
Month_February_2024.xlsx,"February, 2024",14,2024-02,NSF012,Rakib Talukder,2.00,1000.00,1000.00,2024-02-10T00:00:00,Bkash,bKash,Samrat,,0.00,0.00,,,,,00000000,00000000,PAYMENT_CANDIDATE,PENDING_RECONCILIATION
Month_February_2024.xlsx,"February, 2024",15,2024-02,NSF013,H. M Ali Hossain,2.00,,,,,,,,1040.00,40.00,,,,,FFFFFF00,FFFFFF00,DUE_OR_UNPAID_REVIEW,PENDING_RECONCILIATION
Month_February_2024.xlsx,"February, 2024",16,2024-02,NSF014,MD. Mustafizur Rahman Kollol,6.00,3000.00,3000.00,2024-02-14T00:00:00,Bank,Bank,Moin,,0.00,0.00,,,,,00000000,00000000,PAYMENT_CANDIDATE,PENDING_RECONCILIATION
Month_February_2024.xlsx,"February, 2024",17,2024-02,NSF015,Kawsar Ullah,1.00,500.00,500.00,2024-02-10T00:00:00,Bkash,bKash,Moin,,0.00,0.00,,,,,00000000,00000000,PAYMENT_CANDIDATE,PENDING_RECONCILIATION
Month_February_2024.xlsx,"February, 2024",18,2024-02,NSF016,Arifur Rahman -Patuakhali,1.00,500.00,500.00,2024-02-11T00:00:00,Nagad,Nagad,Samrat,,0.00,0.00,,,,,00000000,00000000,PAYMENT_CANDIDATE,PENDING_RECONCILIATION
Month_February_2024.xlsx,"February, 2024",19,2024-02,NSF017,Mamun Mridha,4.00,2000.00,2000.00,2024-02-14T00:00:00,Nagad,Nagad,Samrat,,0.00,0.00,,,,,00000000,00000000,PAYMENT_CANDIDATE,PENDING_RECONCILIATION
Month_February_2024.xlsx,"February, 2024",20,2024-02,NSF018,Masum Billah,2.00,1000.00,1000.00,2024-02-13T00:00:00,Bkash,bKash,Moin,,0.00,0.00,,,,,00000000,00000000,PAYMENT_CANDIDATE,PENDING_RECONCILIATION
Month_February_2024.xlsx,"February, 2024",21,2024-02,NSF019,Mamun Al Mahin- Ptk,2.00,1000.00,1000.00,2024-02-13T00:00:00,Bkash,bKash,Moin,,0.00,0.00,,,,,00000000,00000000,PAYMENT_CANDIDATE,PENDING_RECONCILIATION
Month_February_2024.xlsx,"February, 2024",22,2024-02,NSF020,Nasim Billah Rafi,1.00,500.00,500.00,2024-02-15T00:00:00,Nagad,Nagad,Samrat,,0.00,0.00,,,,,00000000,00000000,PAYMENT_CANDIDATE,PENDING_RECONCILIATION
Month_February_2024.xlsx,"February, 2024",23,2024-02,NSF021,MD. Tawhid Islam,2.00,1000.00,1000.00,2024-02-14T00:00:00,Nagad,Nagad,Samrat,,0.00,0.00,,,,,00000000,00000000,PAYMENT_CANDIDATE,PENDING_RECONCILIATION
Month_February_2024.xlsx,"February, 2024",24,2024-02,NSF022,Mahmudur Rahman Hasib,2.00,1000.00,1000.00,2024-02-10T00:00:00,Nagad,Nagad,Samrat,,0.00,0.00,,,,,00000000,00000000,PAYMENT_CANDIDATE,PENDING_RECONCILIATION
Month_February_2024.xlsx,"February, 2024",25,2024-02,NSF023,MD. Abdullah Al Jobair,1.00,Paid,Paid,2024-01-03T00:00:00,Bkash,bKash,Moin,,0.00,0.00,,,,Advanced payment in Jan,00000000,00000000,PAYMENT_CANDIDATE,PENDING_RECONCILIATION
Month_February_2024.xlsx,"February, 2024",26,2024-02,NSF024,Arif - Gowranodi,1.00,500.00,500.00,2024-02-10T00:00:00,Bank,Bank,Moin,,0.00,0.00,,,,,00000000,00000000,PAYMENT_CANDIDATE,PENDING_RECONCILIATION
Month_February_2024.xlsx,"February, 2024",27,2024-02,NSF025,Sible Iqbal,2.00,1000.00,1000.00,2024-02-07T00:00:00,Bkash,bKash,Moin,,0.00,0.00,,,,,00000000,00000000,PAYMENT_CANDIDATE,PENDING_RECONCILIATION
Month_February_2024.xlsx,"February, 2024",28,2024-02,NSF026,Shikder Tanim,1.00,500.00,500.00,2024-02-14T00:00:00,Bank,Bank,Moin,,0.00,0.00,,,,,00000000,00000000,PAYMENT_CANDIDATE,PENDING_RECONCILIATION
Month_February_2024.xlsx,"February, 2024",29,2024-02,NSF027,Mamun Al Mahin (Khulna),2.00,1000.00,1000.00,2024-02-14T00:00:00,Bank,Bank,Moin,,0.00,0.00,,,,,00000000,00000000,PAYMENT_CANDIDATE,PENDING_RECONCILIATION
Month_February_2024.xlsx,"February, 2024",30,2024-02,NSF028,Al Amin Sohel Khandaker,2.00,1000.00,1000.00,2024-02-13T00:00:00,Nagad,Nagad,Samrat,,0.00,0.00,,,,,00000000,00000000,PAYMENT_CANDIDATE,PENDING_RECONCILIATION
Month_February_2024.xlsx,"February, 2024",31,2024-02,NSF029,Hasan Al Emran,1.00,500.00,500.00,2024-02-02T00:00:00,Bank,Bank,Moin,,0.00,0.00,,,,,00000000,00000000,PAYMENT_CANDIDATE,PENDING_RECONCILIATION
Month_February_2024.xlsx,"February, 2024",32,2024-02,NSF030,H. M Wali Ullah,2.00,Paid,Paid,2023-01-06T00:00:00,Bkash,bKash,Moin,,0.00,0.00,,,,Paid in January,00000000,00000000,PAYMENT_CANDIDATE,PENDING_RECONCILIATION
Month_February_2024.xlsx,"February, 2024",33,2024-02,NSF031,Yasin Arafat,1.00,Paid,Paid,2024-01-30T00:00:00,Bkash,bKash,Moin,,0.00,0.00,,,,Paid in January,FFFFFFFF,FFFFFFFF,PAYMENT_CANDIDATE,PENDING_RECONCILIATION
Month_February_2024.xlsx,"February, 2024",34,2024-02,NSF032,Ahsan Ul Tanvir,2.00,2000.00,2000.00,2024-02-15T00:00:00,Nagad,Nagad,Samrat,,0.00,0.00,,,,January + February paid,00000000,00000000,PAYMENT_CANDIDATE,PENDING_RECONCILIATION
Month_February_2024.xlsx,"February, 2024",35,2024-02,NSF033,H. M Sakawat Ullah,2.00,1000.00,1000.00,2024-02-15T00:00:00,Nagad,Nagad,Samrat,,0.00,0.00,,,,,00000000,00000000,PAYMENT_CANDIDATE,PENDING_RECONCILIATION
Month_February_2024.xlsx,"February, 2024",36,2024-02,NSF034,Abu Bakar Rohan,6.00,,,,,,,,,,,,,,00000000,00000000,DUE_OR_UNPAID_REVIEW,PENDING_RECONCILIATION
Month_February_2024.xlsx,"February, 2024",37,2024-02,NSF035,Mamunur Rashid,1.00,,,,,,,,,,,,,,00000000,00000000,DUE_OR_UNPAID_REVIEW,PENDING_RECONCILIATION
Month_January_2024.xlsx,"January, 2024",3,2024-01,NSF001,Salah Uddin Shuvo -Director,5.00,2500.00,2500.00,2024-01-02T00:00:00,Bank,Bank,Moin,,0.00,0.00,,,,"1st payment (1000TK) on 01-02-24, 2nd Payment (1500TK) on 01-21-24",00000000,00000000,PAYMENT_CANDIDATE,PENDING_RECONCILIATION
Month_January_2024.xlsx,"January, 2024",4,2024-01,NSF002,Safiqul Islam -President,4.00,2000.00,2000.00,2024-01-02T00:00:00,Bkash,bKash,Moin,,0.00,0.00,,,,"1st payment (1000TK) on 01-02-24, 2nd Payment (1000TK) on 01-23-24",00000000,00000000,PAYMENT_CANDIDATE,PENDING_RECONCILIATION
Month_January_2024.xlsx,"January, 2024",5,2024-01,NSF003,Moin Uddin -Accountant,2.00,1000.00,1000.00,2024-01-02T00:00:00,Self,Cash,Moin,,0.00,0.00,,,,,00000000,00000000,PAYMENT_CANDIDATE,PENDING_RECONCILIATION
Month_January_2024.xlsx,"January, 2024",6,2024-01,NSF004,Nurul Amin Samrat -Asst. Acc,4.00,2000.00,2000.00,2024-01-02T00:00:00,Self,Cash,Samrat,,0.00,0.00,,,,,00000000,00000000,PAYMENT_CANDIDATE,PENDING_RECONCILIATION
Month_January_2024.xlsx,"January, 2024",7,2024-01,NSF005,Nayem Islam -GS,2.00,1000.00,1000.00,2024-01-06T00:00:00,Bkash,bKash,Moin,,0.00,0.00,,,,,00000000,00000000,PAYMENT_CANDIDATE,PENDING_RECONCILIATION
Month_January_2024.xlsx,"January, 2024",8,2024-01,NSF006,Abdul Hannan Khan -Convener,1.00,500.00,500.00,2024-01-10T00:00:00,Bkash,bKash,Moin,,0.00,0.00,,,,,00000000,00000000,PAYMENT_CANDIDATE,PENDING_RECONCILIATION
Month_January_2024.xlsx,"January, 2024",9,2024-01,NSF007,Bayzid Hasan,1.00,500.00,500.00,2024-01-13T00:00:00,Bkash,bKash,Moin,,0.00,0.00,,,,,00000000,00000000,PAYMENT_CANDIDATE,PENDING_RECONCILIATION
Month_January_2024.xlsx,"January, 2024",10,2024-01,NSF008,Munzur Rahman Munib,1.00,500.00,500.00,2024-01-03T00:00:00,Bkash,bKash,Moin,,0.00,0.00,,,,,00000000,00000000,PAYMENT_CANDIDATE,PENDING_RECONCILIATION
Month_January_2024.xlsx,"January, 2024",11,2024-01,NSF009,Mizanur Rahman,1.00,500.00,500.00,2024-01-12T00:00:00,Bkash,bKash,Moin,,0.00,0.00,,,,,00000000,00000000,PAYMENT_CANDIDATE,PENDING_RECONCILIATION
Month_January_2024.xlsx,"January, 2024",12,2024-01,NSF010,H. M Mahmudul Hasan,1.00,500.00,500.00,2024-01-03T00:00:00,Bkash,bKash,Moin,,0.00,0.00,,,,,00000000,00000000,PAYMENT_CANDIDATE,PENDING_RECONCILIATION
Month_January_2024.xlsx,"January, 2024",13,2024-01,NSF011,Shoaib Ali,2.00,1000.00,1000.00,2024-01-14T00:00:00,Bkash,bKash,Moin,,0.00,0.00,,,,,00000000,00000000,PAYMENT_CANDIDATE,PENDING_RECONCILIATION
Month_January_2024.xlsx,"January, 2024",14,2024-01,NSF012,Rakib Talukder,2.00,1000.00,1000.00,2024-01-12T00:00:00,Nagad,Nagad,Samrat,,0.00,0.00,,,,,00000000,00000000,PAYMENT_CANDIDATE,PENDING_RECONCILIATION
Month_January_2024.xlsx,"January, 2024",15,2024-01,NSF013,H. M Ali Hossain,2.00,1000.00,1000.00,2024-01-17T00:00:00,Bkash,bKash,Moin,,0.00,0.00,,,,,00000000,00000000,PAYMENT_CANDIDATE,PENDING_RECONCILIATION
Month_January_2024.xlsx,"January, 2024",16,2024-01,NSF014,MD. Mustafizur Rahman Kollol,6.00,3000.00,3000.00,2024-01-16T00:00:00,Bank,Bank,Moin,,0.00,0.00,,,,,00000000,00000000,PAYMENT_CANDIDATE,PENDING_RECONCILIATION
Month_January_2024.xlsx,"January, 2024",17,2024-01,NSF015,Kawsar Ullah,1.00,500.00,500.00,2024-01-15T00:00:00,Bkash,bKash,Moin,,0.00,0.00,,,,,00000000,00000000,PAYMENT_CANDIDATE,PENDING_RECONCILIATION
Month_January_2024.xlsx,"January, 2024",18,2024-01,NSF016,Arifur Rahman -Patuakhali,1.00,500.00,500.00,2024-01-12T00:00:00,Nagad,Nagad,Samrat,,0.00,0.00,,,,,00000000,00000000,PAYMENT_CANDIDATE,PENDING_RECONCILIATION
Month_January_2024.xlsx,"January, 2024",19,2024-01,NSF017,Mamun Mridha,4.00,2000.00,2000.00,2024-01-10T00:00:00,Nagad,Nagad,Samrat,,0.00,0.00,,,,,00000000,00000000,PAYMENT_CANDIDATE,PENDING_RECONCILIATION
Month_January_2024.xlsx,"January, 2024",20,2024-01,NSF018,Masum Billah,2.00,1000.00,1000.00,2024-01-03T00:00:00,Bkash,bKash,Moin,,0.00,0.00,,,,,00000000,00000000,PAYMENT_CANDIDATE,PENDING_RECONCILIATION
Month_January_2024.xlsx,"January, 2024",21,2024-01,NSF019,Mamun Al Mahin- Ptk,2.00,1000.00,1000.00,2024-01-03T00:00:00,Nagad,Nagad,Samrat,,0.00,0.00,,,,,00000000,00000000,PAYMENT_CANDIDATE,PENDING_RECONCILIATION
Month_January_2024.xlsx,"January, 2024",22,2024-01,NSF020,Nasim Billah Rafi,1.00,500.00,500.00,2024-01-14T00:00:00,Nagad,Nagad,Samrat,,0.00,0.00,,,,,00000000,00000000,PAYMENT_CANDIDATE,PENDING_RECONCILIATION
Month_January_2024.xlsx,"January, 2024",23,2024-01,NSF021,MD. Tawhid Islam,2.00,1000.00,1000.00,2024-01-08T00:00:00,Nagad,Nagad,Samrat,,0.00,0.00,,,,,00000000,00000000,PAYMENT_CANDIDATE,PENDING_RECONCILIATION
Month_January_2024.xlsx,"January, 2024",24,2024-01,NSF022,Mahmudur Rahman Hasib,2.00,1000.00,1000.00,2024-01-15T00:00:00,Bkash,bKash,Moin,,0.00,0.00,,,,,00000000,00000000,PAYMENT_CANDIDATE,PENDING_RECONCILIATION
Month_January_2024.xlsx,"January, 2024",25,2024-01,NSF023,MD. Abdullah Al Jobair,1.00,1000.00,1000.00,2024-01-02T00:00:00,Bkash,bKash,Moin,,0.00,0.00,,,,Advanced for Jan+Feb.,00000000,00000000,PAYMENT_CANDIDATE,PENDING_RECONCILIATION
Month_January_2024.xlsx,"January, 2024",26,2024-01,NSF024,Arif - Gowranodi,1.00,500.00,500.00,2024-01-11T00:00:00,Bkash,bKash,Moin,,0.00,0.00,,,,,00000000,00000000,PAYMENT_CANDIDATE,PENDING_RECONCILIATION
Month_January_2024.xlsx,"January, 2024",27,2024-01,NSF025,Sible Iqbal,2.00,1000.00,1000.00,2024-01-16T00:00:00,Bkash,bKash,Moin,,0.00,0.00,,,,,00000000,00000000,PAYMENT_CANDIDATE,PENDING_RECONCILIATION
Month_January_2024.xlsx,"January, 2024",28,2024-01,NSF026,Shikder Tanim,1.00,500.00,500.00,2024-01-13T00:00:00,Bkash,bKash,Moin,,0.00,0.00,,,,,00000000,00000000,PAYMENT_CANDIDATE,PENDING_RECONCILIATION
Month_January_2024.xlsx,"January, 2024",29,2024-01,NSF027,Mamun Al Mahin (Khulna),2.00,1000.00,1000.00,2024-01-04T00:00:00,Bank,Bank,Moin,,0.00,0.00,,,,,00000000,00000000,PAYMENT_CANDIDATE,PENDING_RECONCILIATION
Month_January_2024.xlsx,"January, 2024",30,2024-01,NSF028,Al Amin Sohel Khandaker,2.00,1000.00,1000.00,2024-01-31T00:00:00,Nagad,Nagad,Samrat,,0.00,0.00,,,,,00000000,00000000,PAYMENT_CANDIDATE,PENDING_RECONCILIATION
Month_January_2024.xlsx,"January, 2024",31,2024-01,NSF029,Hasan Al Emran,1.00,500.00,500.00,2024-01-04T00:00:00,Bank,Bank,Moin,,0.00,0.00,,,,,00000000,00000000,PAYMENT_CANDIDATE,PENDING_RECONCILIATION
Month_January_2024.xlsx,"January, 2024",32,2024-01,NSF030,H. M Wali Ullah,2.00,2000.00,2000.00,2024-01-06T00:00:00,Bkash,bKash,Moin,,0.00,0.00,,,,Advanced for Jan+Feb.,00000000,00000000,PAYMENT_CANDIDATE,PENDING_RECONCILIATION
Month_January_2024.xlsx,"January, 2024",33,2024-01,NSF031,Yasin Arafat,1.00,2000.00,2000.00,2024-01-30T00:00:00,Bkash,bKash,Moin,,0.00,0.00,,,,Advanced paid for Jan-April,00000000,00000000,PAYMENT_CANDIDATE,PENDING_RECONCILIATION
Month_January_2024.xlsx,"January, 2024",34,2024-01,NSF032,Ahsan Ul Tanvir,2.00,,,,,,,,,,,,,,00000000,00000000,DUE_OR_UNPAID_REVIEW,PENDING_RECONCILIATION
Month_January_2024.xlsx,"January, 2024",35,2024-01,NSF033,H. M Sakawat Ullah,2.00,1000.00,1000.00,2024-01-31T00:00:00,Nagad,Nagad,Samrat,,0.00,0.00,,,,,00000000,00000000,PAYMENT_CANDIDATE,PENDING_RECONCILIATION
Month_January_2024.xlsx,"January, 2024",36,2024-01,NSF034,Abu Bakar Rohan,6.00,,,,,,,,,,,,,,00000000,00000000,DUE_OR_UNPAID_REVIEW,PENDING_RECONCILIATION
Month_January_2024.xlsx,"January, 2024",37,2024-01,NSF035,Mamunur Rashid,1.00,,,,,,,,,,,,,,00000000,00000000,DUE_OR_UNPAID_REVIEW,PENDING_RECONCILIATION
Month_January_2025.xlsx,January 25,3,2025-01,NSF001,Salah Uddin Shuvo -Director,5.00,2500.00,2500.00,2025-01-12T00:00:00,Bank,Bank,Moin,0.00,0.00,0.00,,0.00,0.00,,FFB6D7A8,00000000,PAYMENT_CANDIDATE,PENDING_RECONCILIATION
Month_January_2025.xlsx,January 25,4,2025-01,NSF002,Safiqul Islam -President,3.00,1500.00,1500.00,2024-12-02T00:00:00,Bank,Bank,Moin,0.00,0.00,0.00,,0.00,,Advanced paid in Dec 24. Adjusted,FFB6D7A8,00000000,PAYMENT_CANDIDATE,PENDING_RECONCILIATION
Month_January_2025.xlsx,January 25,5,2025-01,NSF003,Moin Uddin -Accountant,2.00,1000.00,1000.00,2025-01-10T00:00:00,Bank,Bank,Moin,0.00,0.00,0.00,,0.00,,,FFB6D7A8,00000000,PAYMENT_CANDIDATE,PENDING_RECONCILIATION
Month_January_2025.xlsx,January 25,6,2025-01,NSF004,Nurul Amin Samrat -Asst. Acc,4.00,2000.00,2000.00,2025-01-11T00:00:00,Nagad,Nagad,Samrat,0.00,0.00,0.00,,,,,FFB6D7A8,00000000,PAYMENT_CANDIDATE,PENDING_RECONCILIATION
Month_January_2025.xlsx,January 25,7,2025-01,NSF005,Nayem Islam -GS,2.00,1000.00,,,,,Select,0.00,1040.00,40.00,,,,,FFFFFFFF,00000000,DUE_OR_UNPAID_REVIEW,PENDING_RECONCILIATION
Month_January_2025.xlsx,January 25,8,2025-01,NSF006,Abdul Hannan Khan -Convener,1.00,500.00,500.00,2025-01-06T00:00:00,Bkash,bKash,Moin,0.00,0.00,0.00,,10.00,,,FFB6D7A8,00000000,PAYMENT_CANDIDATE,PENDING_RECONCILIATION
Month_January_2025.xlsx,January 25,9,2025-01,NSF007,Bayzid Hasan,1.00,500.00,,,,,Select,,520.00,20.00,,,,,FFFF0000,FFFF0000,DUE_OR_UNPAID_REVIEW,PENDING_RECONCILIATION
Month_January_2025.xlsx,January 25,10,2025-01,NSF008,Munzur Rahman Munib,1.00,500.00,500.00,2025-01-15T00:00:00,Bank,Bank,Moin,0.00,0.00,0.00,,,,,FFB6D7A8,00000000,PAYMENT_CANDIDATE,PENDING_RECONCILIATION
Month_January_2025.xlsx,January 25,11,2025-01,NSF009,Mizanur Rahman,2.00,1000.00,1000.00,2025-01-15T00:00:00,Bkash,bKash,Moin,0.00,0.00,0.00,,20.00,,,FFB6D7A8,00000000,PAYMENT_CANDIDATE,PENDING_RECONCILIATION
Month_January_2025.xlsx,January 25,12,2025-01,NSF010,H. M Mahmudul Hasan,1.00,500.00,500.00,2025-01-09T00:00:00,Bkash,bKash,Moin,0.00,0.00,0.00,,,,,FFB6D7A8,00000000,PAYMENT_CANDIDATE,PENDING_RECONCILIATION
Month_January_2025.xlsx,January 25,13,2025-01,NSF011,Shoaib Ali,2.00,1000.00,1000.00,2025-01-22T00:00:00,Bkash,bKash,Moin,10.00,50.00,40.00,0.00,,,No penalty is due. 10 tk display for an error,FFFFFFFF,FFFFFFFF,PAYMENT_CANDIDATE,PENDING_RECONCILIATION
Month_January_2025.xlsx,January 25,14,2025-01,NSF012,Rakib Talukder,2.00,1000.00,3200.00,2025-01-07T00:00:00,Nagad,Nagad,Samrat,2050.00,0.00,0.00,80.00,45.00,75.00,Paid nov-dec 24 with penalty. Balance 120 tk.,FFB6D7A8,00000000,PAYMENT_CANDIDATE,PENDING_RECONCILIATION
Month_January_2025.xlsx,January 25,15,2025-01,NSF013,H. M Ali Hossain,2.00,1000.00,,,,,Select,0.00,1040.00,40.00,,,,,FFB6D7A8,00000000,DUE_OR_UNPAID_REVIEW,PENDING_RECONCILIATION
Month_January_2025.xlsx,January 25,16,2025-01,NSF014,MD. Mustafizur Rahman Kollol,6.00,3000.00,3000.00,2025-01-07T00:00:00,Bank,Bank,Moin,0.00,0.00,0.00,,0.00,,,FFB6D7A8,00000000,PAYMENT_CANDIDATE,PENDING_RECONCILIATION
Month_January_2025.xlsx,January 25,17,2025-01,NSF015,Kawsar Ullah,1.00,500.00,,,,,Select,0.00,520.00,20.00,,,,,FFB6D7A8,00000000,DUE_OR_UNPAID_REVIEW,PENDING_RECONCILIATION
Month_January_2025.xlsx,January 25,18,2025-01,NSF016,Arifur Rahman -Patuakhali,1.00,500.00,,,,,Select,0.00,520.00,20.00,,,,,FFB6D7A8,00000000,DUE_OR_UNPAID_REVIEW,PENDING_RECONCILIATION
Month_January_2025.xlsx,January 25,19,2025-01,NSF017,Mamun Mridha,4.00,2000.00,2000.00,2025-01-11T00:00:00,Nagad,Nagad,Samrat,0.00,0.00,0.00,,,,,FFB6D7A8,00000000,PAYMENT_CANDIDATE,PENDING_RECONCILIATION
Month_January_2025.xlsx,January 25,20,2025-01,NSF018,Masum Billah,2.00,1000.00,1000.00,2025-01-07T00:00:00,Bank,Bank,Moin,0.00,0.00,0.00,,,,,FFB6D7A8,00000000,PAYMENT_CANDIDATE,PENDING_RECONCILIATION
Month_January_2025.xlsx,January 25,21,2025-01,NSF019,Mamun Al Mahin- Ptk,2.00,1000.00,1000.00,2025-01-12T00:00:00,Bank,Bank,Moin,40.00,40.00,0.00,,0.00,,,FFB6D7A8,00000000,PAYMENT_CANDIDATE,PENDING_RECONCILIATION
Month_January_2025.xlsx,January 25,22,2025-01,NSF020,Nasim Billah Rafi,1.00,500.00,,,,,Select,3640.00,4160.00,20.00,,,,,FFB6D7A8,00000000,DUE_OR_UNPAID_REVIEW,PENDING_RECONCILIATION
Month_January_2025.xlsx,January 25,23,2025-01,NSF021,MD. Tawhid Islam,2.00,1000.00,1000.00,2025-01-15T00:00:00,Bkash,bKash,Samrat,0.00,0.00,0.00,,,,,FFB6D7A8,00000000,PAYMENT_CANDIDATE,PENDING_RECONCILIATION
Month_January_2025.xlsx,January 25,24,2025-01,NSF022,Mahmudur Rahman Hasib,2.00,1000.00,,,,,Select,8280.00,9320.00,40.00,,,,,FFB6D7A8,00000000,DUE_OR_UNPAID_REVIEW,PENDING_RECONCILIATION
Month_January_2025.xlsx,January 25,25,2025-01,NSF023,MD. Abdullah Al Jobair,1.00,500.00,,,,,Select,0.00,520.00,20.00,,,,,FFB6D7A8,00000000,DUE_OR_UNPAID_REVIEW,PENDING_RECONCILIATION
Month_January_2025.xlsx,January 25,26,2025-01,NSF024,Arif - Gowranodi,1.00,500.00,500.00,2025-01-10T00:00:00,Bkash,bKash,Moin,0.00,0.00,0.00,,,,,FFB6D7A8,00000000,PAYMENT_CANDIDATE,PENDING_RECONCILIATION
Month_January_2025.xlsx,January 25,27,2025-01,NSF025,Sible Iqbal,2.00,1000.00,,,,,Select,4230.00,5270.00,40.00,,,,,FFB6D7A8,00000000,DUE_OR_UNPAID_REVIEW,PENDING_RECONCILIATION
Month_January_2025.xlsx,January 25,28,2025-01,NSF026,Shikder Tanim,1.00,500.00,500.00,2025-01-13T00:00:00,Bank,Bank,Moin,0.00,0.00,0.00,,,,,FFB6D7A8,00000000,PAYMENT_CANDIDATE,PENDING_RECONCILIATION
Month_January_2025.xlsx,January 25,29,2025-01,NSF027,Mamun Al Mahin (Khulna),1.00,500.00,1120.00,2025-01-06T00:00:00,Bkash,bKash,Moin,620.00,0.00,0.00,120.00,,,,FFB6D7A8,00000000,PAYMENT_CANDIDATE,PENDING_RECONCILIATION
Month_January_2025.xlsx,January 25,30,2025-01,NSF028,Al Amin Sohel Khandaker,2.00,1000.00,1000.00,2025-01-15T00:00:00,Bkash,bKash,Moin,0.00,0.00,0.00,,,,,FFB6D7A8,00000000,PAYMENT_CANDIDATE,PENDING_RECONCILIATION
Month_January_2025.xlsx,January 25,31,2025-01,NSF029,Hasan Al Emran,1.00,500.00,1000.00,2025-01-06T00:00:00,Bank,Bank,Moin,0.00,0.00,0.00,,,,Advanced Paid for February,FFB6D7A8,00000000,PAYMENT_CANDIDATE,PENDING_RECONCILIATION
Month_January_2025.xlsx,January 25,32,2025-01,NSF030,H. M Wali Ullah,2.00,1000.00,,,,,Select,40.00,1080.00,40.00,,,,,FFB6D7A8,00000000,DUE_OR_UNPAID_REVIEW,PENDING_RECONCILIATION
Month_January_2025.xlsx,January 25,33,2025-01,NSF031,Yasin Arafat,1.00,500.00,,,,,Select,0.00,520.00,20.00,,,,,FFB6D7A8,00000000,DUE_OR_UNPAID_REVIEW,PENDING_RECONCILIATION
Month_January_2025.xlsx,January 25,34,2025-01,NSF032,Ahsan Ul Tanvir,2.00,1000.00,,,,,Select,10400.00,11440.00,40.00,,,,,FFB6D7A8,00000000,DUE_OR_UNPAID_REVIEW,PENDING_RECONCILIATION
Month_January_2025.xlsx,January 25,35,2025-01,NSF033,H. M Sakawat Ullah,2.00,1000.00,,,,,Select,0.00,1040.00,40.00,,,,,FFB6D7A8,00000000,DUE_OR_UNPAID_REVIEW,PENDING_RECONCILIATION
Month_January_2025.xlsx,January 25,36,2025-01,NSF034,Abu Bakar,4.00,2000.00,2000.00,2025-01-13T00:00:00,Bkash,bKash,Moin,0.00,0.00,0.00,,40.00,,,FFB6D7A8,00000000,PAYMENT_CANDIDATE,PENDING_RECONCILIATION
Month_January_2025.xlsx,January 25,37,2025-01,NSF035,Mamunur Rashid,1.00,500.00,6000.00,2025-01-27T00:00:00,Bank,Bank,Moin,0.00,20.00,20.00,,,,Advanced Paid for Jan-Dec 2025. Jan penalty given waiver for advanced payment,FFB6D7A8,00000000,PAYMENT_CANDIDATE,PENDING_RECONCILIATION
Month_July_2024.xlsx,"July, 2024",3,2024-07,NSF001,Salah Uddin Shuvo -Director,5.00,2500.00,2500.00,2024-07-15T00:00:00,Bank,Bank,Moin,,0.00,0.00,,,,,00000000,00000000,PAYMENT_CANDIDATE,PENDING_RECONCILIATION
Month_July_2024.xlsx,"July, 2024",4,2024-07,NSF002,Safiqul Islam -President,3.00,1500.00,1500.00,2024-07-10T00:00:00,Bkash,bKash,Moin,,0.00,0.00,,,,,00000000,00000000,PAYMENT_CANDIDATE,PENDING_RECONCILIATION
Month_July_2024.xlsx,"July, 2024",5,2024-07,NSF003,Moin Uddin -Accountant,2.00,1000.00,1000.00,2024-07-07T00:00:00,Bank,Bank,Moin,,0.00,0.00,,,,,00000000,00000000,PAYMENT_CANDIDATE,PENDING_RECONCILIATION
Month_July_2024.xlsx,"July, 2024",6,2024-07,NSF004,Nurul Amin Samrat -Asst. Acc,4.00,2000.00,2000.00,2024-07-15T00:00:00,Nagad,Nagad,Samrat,,0.00,0.00,,,,,00000000,00000000,PAYMENT_CANDIDATE,PENDING_RECONCILIATION
Month_July_2024.xlsx,"July, 2024",7,2024-07,NSF005,Nayem Islam -GS,2.00,1000.00,1000.00,2024-07-14T00:00:00,Bank,Bank,Moin,,0.00,0.00,,,,,00000000,00000000,PAYMENT_CANDIDATE,PENDING_RECONCILIATION
Month_July_2024.xlsx,"July, 2024",8,2024-07,NSF006,Abdul Hannan Khan -Convener,1.00,500.00,500.00,2024-07-10T00:00:00,Bkash,bKash,Moin,,0.00,0.00,,,,,00000000,00000000,PAYMENT_CANDIDATE,PENDING_RECONCILIATION
Month_July_2024.xlsx,"July, 2024",9,2024-07,NSF007,Bayzid Hasan,1.00,,,,,,,,,,,,,,FFFF0000,FFFF0000,DUE_OR_UNPAID_REVIEW,PENDING_RECONCILIATION
Month_July_2024.xlsx,"July, 2024",10,2024-07,NSF008,Munzur Rahman Munib,1.00,1040.00,1040.00,2024-07-28T00:00:00,Bkash,bKash,Moin,,0.00,40.00,,,,June & July Share amount with penalty 40 are paid.,00000000,00000000,PAYMENT_CANDIDATE,PENDING_RECONCILIATION
Month_July_2024.xlsx,"July, 2024",11,2024-07,NSF009,Mizanur Rahman,1.00,500.00,500.00,2024-07-10T00:00:00,Bkash,bKash,Moin,,0.00,0.00,,,,,00000000,00000000,PAYMENT_CANDIDATE,PENDING_RECONCILIATION
Month_July_2024.xlsx,"July, 2024",12,2024-07,NSF010,H. M Mahmudul Hasan,1.00,500.00,500.00,2024-07-09T00:00:00,Bkash,bKash,Moin,,0.00,0.00,,,,,00000000,00000000,PAYMENT_CANDIDATE,PENDING_RECONCILIATION
Month_July_2024.xlsx,"July, 2024",13,2024-07,NSF011,Shoaib Ali,2.00,1000.00,1000.00,2024-07-12T00:00:00,Bkash,bKash,Moin,,0.00,0.00,,,,,00000000,00000000,PAYMENT_CANDIDATE,PENDING_RECONCILIATION
Month_July_2024.xlsx,"July, 2024",14,2024-07,NSF012,Rakib Talukder,2.00,2010.00,2010.00,2024-07-14T00:00:00,nagad,Nagad,samrat,,30.00,40.00,,,,30 tk june penalty due. 10 tk paid only,FFFFFFFF,FFFFFFFF,PAYMENT_CANDIDATE,PENDING_RECONCILIATION
Month_July_2024.xlsx,"July, 2024",15,2024-07,NSF013,H. M Ali Hossain,2.00,2080.00,2080.00,2024-07-18T00:00:00,Bkash,bKash,Samrat,,0.00,80.00,,,,June+July+penalty paid,00000000,00000000,PAYMENT_CANDIDATE,PENDING_RECONCILIATION
Month_July_2024.xlsx,"July, 2024",16,2024-07,NSF014,MD. Mustafizur Rahman Kollol,6.00,,,,,,,,3120.00,120.00,,,,July payment unpaid,FFFFFF00,FFFFFF00,DUE_OR_UNPAID_REVIEW,PENDING_RECONCILIATION
Month_July_2024.xlsx,"July, 2024",17,2024-07,NSF015,Kawsar Ullah,1.00,,,,,,,,520.00,20.00,,,,July payment unpaid,FFFFFF00,FFFFFF00,DUE_OR_UNPAID_REVIEW,PENDING_RECONCILIATION
Month_July_2024.xlsx,"July, 2024",18,2024-07,NSF016,Arifur Rahman -Patuakhali,1.00,500.00,500.00,2024-07-14T00:00:00,nagad,Nagad,samrat,,0.00,0.00,,,,,00000000,00000000,PAYMENT_CANDIDATE,PENDING_RECONCILIATION
Month_July_2024.xlsx,"July, 2024",19,2024-07,NSF017,Mamun Mridha,4.00,2000.00,2000.00,2024-07-12T00:00:00,nagad,Nagad,samrat,,0.00,0.00,,,,,00000000,00000000,PAYMENT_CANDIDATE,PENDING_RECONCILIATION
Month_July_2024.xlsx,"July, 2024",20,2024-07,NSF018,Masum Billah,2.00,1000.00,1000.00,2024-07-07T00:00:00,Bank,Bank,Moin,,40.00,40.00,,,,April penalty unpaid,FFFFFF00,FFFFFF00,PAYMENT_CANDIDATE,PENDING_RECONCILIATION
Month_July_2024.xlsx,"July, 2024",21,2024-07,NSF019,Mamun Al Mahin- Ptk,2.00,1000.00,1000.00,2024-07-07T00:00:00,Bank,Bank,Moin,,40.00,40.00,,,,April penalty unpaid,FFFFFF00,FFFFFF00,PAYMENT_CANDIDATE,PENDING_RECONCILIATION
Month_July_2024.xlsx,"July, 2024",22,2024-07,NSF020,Nasim Billah Rafi,1.00,,,,,,,,1060.00,60.00,,,,Due June & July. May cash out charge,FFFFFF00,FFFFFF00,DUE_OR_UNPAID_REVIEW,PENDING_RECONCILIATION
Month_July_2024.xlsx,"July, 2024",23,2024-07,NSF021,MD. Tawhid Islam,2.00,1000.00,1000.00,2024-07-07T00:00:00,Bkash,bKash,Moin,,0.00,0.00,,,,,00000000,00000000,PAYMENT_CANDIDATE,PENDING_RECONCILIATION
Month_July_2024.xlsx,"July, 2024",24,2024-07,NSF022,Mahmudur Rahman Hasib,2.00,,,,,,,,3120.00,120.00,,,,"May, June & July unpaid",FFFFFF00,FFFFFF00,DUE_OR_UNPAID_REVIEW,PENDING_RECONCILIATION
Month_July_2024.xlsx,"July, 2024",25,2024-07,NSF023,MD. Abdullah Al Jobair,2.00,,,,,,,,2090.00,80.00,,,,May cash out charge tk 10+ june +july payment + penalty,FFFFFF00,FFFFFF00,DUE_OR_UNPAID_REVIEW,PENDING_RECONCILIATION
Month_July_2024.xlsx,"July, 2024",26,2024-07,NSF024,Arif - Gowranodi,1.00,500.00,500.00,2024-07-03T00:00:00,Bkash,bKash,Moin,,0.00,0.00,,,,,00000000,00000000,PAYMENT_CANDIDATE,PENDING_RECONCILIATION
Month_July_2024.xlsx,"July, 2024",27,2024-07,NSF025,Sible Iqbal,2.00,,,,,,,,1040.00,40.00,,,,Due July payment,FFFFFF00,FFFFFF00,DUE_OR_UNPAID_REVIEW,PENDING_RECONCILIATION
Month_July_2024.xlsx,"July, 2024",28,2024-07,NSF026,Shikder Tanim,1.00,500.00,500.00,2024-07-14T00:00:00,Bank,Bank,Moin,,0.00,0.00,,,,,00000000,00000000,PAYMENT_CANDIDATE,PENDING_RECONCILIATION
Month_July_2024.xlsx,"July, 2024",29,2024-07,NSF027,Mamun Al Mahin (Khulna),2.00,,,,,,,,2080.00,80.00,,,,Due June + July payment,FFFFFF00,FFFFFF00,DUE_OR_UNPAID_REVIEW,PENDING_RECONCILIATION
Month_July_2024.xlsx,"July, 2024",30,2024-07,NSF028,Al Amin Sohel Khandaker,2.00,1000.00,1000.00,2024-07-11T00:00:00,Bkash,bKash,Moin,,10.00,0.00,,,,Cash out charge 10 tk due,00000000,00000000,PAYMENT_CANDIDATE,PENDING_RECONCILIATION
Month_July_2024.xlsx,"July, 2024",31,2024-07,NSF029,Hasan Al Emran,1.00,500.00,500.00,2024-07-03T00:00:00,Bank,Bank,Moin,,0.00,0.00,,,,,00000000,00000000,PAYMENT_CANDIDATE,PENDING_RECONCILIATION
Month_July_2024.xlsx,"July, 2024",32,2024-07,NSF030,H. M Wali Ullah,2.00,1000.00,1000.00,2024-07-03T00:00:00,Bank,Bank,Moin,,0.00,0.00,,,,,00000000,00000000,PAYMENT_CANDIDATE,PENDING_RECONCILIATION
Month_July_2024.xlsx,"July, 2024",33,2024-07,NSF031,Yasin Arafat,1.00,Paid,Paid,2024-05-18T00:00:00,Bkash,bKash,Moin,,0.00,0.00,,,,Advanced Payment in May,00000000,00000000,PAYMENT_CANDIDATE,PENDING_RECONCILIATION
Month_July_2024.xlsx,"July, 2024",34,2024-07,NSF032,Ahsan Ul Tanvir,2.00,,,,,,,,5200.00,200.00,,,,Due Mar-July Share amounts,FFFFFF00,FFFFFF00,DUE_OR_UNPAID_REVIEW,PENDING_RECONCILIATION
Month_July_2024.xlsx,"July, 2024",35,2024-07,NSF033,H. M Sakawat Ullah,2.00,,,,,,,,4160.00,160.00,,,,Due April-July Share amounts,FFFFFF00,FFFFFF00,DUE_OR_UNPAID_REVIEW,PENDING_RECONCILIATION
Month_July_2024.xlsx,"July, 2024",36,2024-07,NSF034,Abu Bakar Rohan,6.00,3000.00,3000.00,2024-07-07T00:00:00,Bkash,bKash,Moin,,15000.00,0.00,,,,Due Jan-May Share amounts,00000000,00000000,PAYMENT_CANDIDATE,PENDING_RECONCILIATION
Month_July_2024.xlsx,"July, 2024",37,2024-07,NSF035,Mamunur Rashid,1.00,,,,,,,,,,,,,,FFFFFFFF,FFFFFFFF,DUE_OR_UNPAID_REVIEW,PENDING_RECONCILIATION
Month_July_2024.xlsx,"July, 2024",38,2024-07,NSF036,,,,,,,,,,,,,,,,FFFFFFFF,FFFFFFFF,DUE_OR_UNPAID_REVIEW,PENDING_RECONCILIATION
Month_July_2024.xlsx,"July, 2024",39,2024-07,NSF037,,,,,,,,,,,,,,,,00000000,00000000,DUE_OR_UNPAID_REVIEW,PENDING_RECONCILIATION
Month_July_2024.xlsx,"July, 2024",40,2024-07,NSF038,,,,,,,,,,,,,,,,00000000,00000000,DUE_OR_UNPAID_REVIEW,PENDING_RECONCILIATION
Month_July_2024.xlsx,"July, 2024",41,2024-07,NSF039,,,,,,,,,,,,,,,,00000000,00000000,DUE_OR_UNPAID_REVIEW,PENDING_RECONCILIATION
Month_July_2024.xlsx,"July, 2024",42,2024-07,NSF040,,,,,,,,,,,,,,,,00000000,00000000,DUE_OR_UNPAID_REVIEW,PENDING_RECONCILIATION
Month_July_2024.xlsx,"July, 2024",43,2024-07,NSF041,,,,,,,,,,,,,,,,00000000,00000000,DUE_OR_UNPAID_REVIEW,PENDING_RECONCILIATION
Month_July_2024.xlsx,"July, 2024",44,2024-07,NSF042,,,,,,,,,,,,,,,,00000000,00000000,DUE_OR_UNPAID_REVIEW,PENDING_RECONCILIATION
Month_July_2024.xlsx,"July, 2024",45,2024-07,NSF043,,,,,,,,,,,,,,,,00000000,00000000,DUE_OR_UNPAID_REVIEW,PENDING_RECONCILIATION
Month_July_2024.xlsx,"July, 2024",46,2024-07,NSF044,,,,,,,,,,,,,,,,00000000,00000000,DUE_OR_UNPAID_REVIEW,PENDING_RECONCILIATION
Month_July_2024.xlsx,"July, 2024",47,2024-07,NSF045,,,,,,,,,,,,,,,,00000000,00000000,DUE_OR_UNPAID_REVIEW,PENDING_RECONCILIATION
Month_July_2024.xlsx,"July, 2024",48,2024-07,NSF046,,,,,,,,,,,,,,,,00000000,00000000,DUE_OR_UNPAID_REVIEW,PENDING_RECONCILIATION
Month_June_2024.xlsx,"June, 2024",3,2024-06,NSF001,Salah Uddin Shuvo -Director,5.00,2500.00,2500.00,2024-06-11T00:00:00,Bank,Bank,Moin,,0.00,0.00,,,,,00000000,00000000,PAYMENT_CANDIDATE,PENDING_RECONCILIATION
Month_June_2024.xlsx,"June, 2024",4,2024-06,NSF002,Safiqul Islam -President,3.00,3060.00,3060.00,2024-06-10T00:00:00,Bank,Bank,Moin,,1020.00,0.00,,,,,00000000,00000000,PAYMENT_CANDIDATE,PENDING_RECONCILIATION
Month_June_2024.xlsx,"June, 2024",5,2024-06,NSF003,Moin Uddin -Accountant,2.00,1000.00,1000.00,2024-06-13T00:00:00,Bank,Bank,Moin,,0.00,0.00,,,,,00000000,00000000,PAYMENT_CANDIDATE,PENDING_RECONCILIATION
Month_June_2024.xlsx,"June, 2024",6,2024-06,NSF004,Nurul Amin Samrat -Asst. Acc,4.00,2000.00,2000.00,2024-06-05T00:00:00,nagad,Nagad,Samrat,,0.00,0.00,,,,,00000000,00000000,PAYMENT_CANDIDATE,PENDING_RECONCILIATION
Month_June_2024.xlsx,"June, 2024",7,2024-06,NSF005,Nayem Islam -GS,2.00,1000.00,1000.00,2024-06-15T00:00:00,Bkash,bKash,Moin,,0.00,0.00,,,,,00000000,00000000,PAYMENT_CANDIDATE,PENDING_RECONCILIATION
Month_June_2024.xlsx,"June, 2024",8,2024-06,NSF006,Abdul Hannan Khan -Convener,1.00,500.00,500.00,2024-06-09T00:00:00,Bkash,bKash,Moin,,0.00,0.00,,,,,00000000,00000000,PAYMENT_CANDIDATE,PENDING_RECONCILIATION
Month_June_2024.xlsx,"June, 2024",9,2024-06,NSF007,Bayzid Hasan,1.00,,,,,,,,,,,,,He will not continue with us,FFFF0000,FFFF0000,DUE_OR_UNPAID_REVIEW,PENDING_RECONCILIATION
Month_June_2024.xlsx,"June, 2024",10,2024-06,NSF008,Munzur Rahman Munib,1.00,,,,,,,,520.00,20.00,,,,June payment unpaid,FFFFFF00,FFFFFF00,DUE_OR_UNPAID_REVIEW,PENDING_RECONCILIATION
Month_June_2024.xlsx,"June, 2024",11,2024-06,NSF009,Mizanur Rahman,1.00,500.00,500.00,2024-06-10T00:00:00,Bkash,bKash,Moin,,0.00,0.00,,,,,00000000,00000000,PAYMENT_CANDIDATE,PENDING_RECONCILIATION
Month_June_2024.xlsx,"June, 2024",12,2024-06,NSF010,H. M Mahmudul Hasan,1.00,500.00,500.00,2024-06-10T00:00:00,Bkash,bKash,Moin,,0.00,0.00,,,,,00000000,00000000,PAYMENT_CANDIDATE,PENDING_RECONCILIATION
Month_June_2024.xlsx,"June, 2024",13,2024-06,NSF011,Shoaib Ali,2.00,1000.00,1000.00,2024-06-14T00:00:00,Bkash,bKash,Samrat,,0.00,0.00,,,,,00000000,00000000,PAYMENT_CANDIDATE,PENDING_RECONCILIATION
Month_June_2024.xlsx,"June, 2024",14,2024-06,NSF012,Rakib Talukder,2.00,,,,,,,,1040.00,40.00,,,,June payment unpaid,FFFFFF00,FFFFFF00,DUE_OR_UNPAID_REVIEW,PENDING_RECONCILIATION
Month_June_2024.xlsx,"June, 2024",15,2024-06,NSF013,H. M Ali Hossain,2.00,,,,,,,,1040.00,40.00,,,,June payment unpaid,FFFFFF00,FFFFFF00,DUE_OR_UNPAID_REVIEW,PENDING_RECONCILIATION
Month_June_2024.xlsx,"June, 2024",16,2024-06,NSF014,MD. Mustafizur Rahman Kollol,6.00,3000.00,3000.00,2024-06-12T00:00:00,Bank,Bank,Moin,,0.00,0.00,,,,,00000000,00000000,PAYMENT_CANDIDATE,PENDING_RECONCILIATION
Month_June_2024.xlsx,"June, 2024",17,2024-06,NSF015,Kawsar Ullah,1.00,500.00,500.00,2024-06-05T00:00:00,Bkash,bKash,Samrat,,0.00,0.00,,,,,00000000,00000000,PAYMENT_CANDIDATE,PENDING_RECONCILIATION
Month_June_2024.xlsx,"June, 2024",18,2024-06,NSF016,Arifur Rahman -Patuakhali,1.00,500.00,500.00,2024-06-14T00:00:00,Bkash,bKash,Samrat,,0.00,0.00,,,,,00000000,00000000,PAYMENT_CANDIDATE,PENDING_RECONCILIATION
Month_June_2024.xlsx,"June, 2024",19,2024-06,NSF017,Mamun Mridha,4.00,2000.00,2000.00,2024-06-12T00:00:00,nagad,Nagad,Samrat,,0.00,0.00,,,,,00000000,00000000,PAYMENT_CANDIDATE,PENDING_RECONCILIATION
Month_June_2024.xlsx,"June, 2024",20,2024-06,NSF018,Masum Billah,2.00,1000.00,1000.00,2024-06-10T00:00:00,Bank,Bank,Moin,,40.00,40.00,,,,April penalty unpaid,FFFFFF00,FFFFFF00,PAYMENT_CANDIDATE,PENDING_RECONCILIATION
Month_June_2024.xlsx,"June, 2024",21,2024-06,NSF019,Mamun Al Mahin- Ptk,2.00,1000.00,1000.00,2024-06-10T00:00:00,Bank,Bank,Moin,,40.00,40.00,,,,April penalty unpaid,FFFFFF00,FFFFFF00,PAYMENT_CANDIDATE,PENDING_RECONCILIATION
Month_June_2024.xlsx,"June, 2024",22,2024-06,NSF020,Nasim Billah Rafi,1.00,,,,,,,,540.00,40.00,,,,Due June payment + May cashout charge,FFFFFF00,FFFFFF00,DUE_OR_UNPAID_REVIEW,PENDING_RECONCILIATION
Month_June_2024.xlsx,"June, 2024",23,2024-06,NSF021,MD. Tawhid Islam,2.00,1000.00,1000.00,2024-06-05T00:00:00,Bkash,bKash,Samrat,,0.00,0.00,,,,,00000000,00000000,PAYMENT_CANDIDATE,PENDING_RECONCILIATION
Month_June_2024.xlsx,"June, 2024",24,2024-06,NSF022,Mahmudur Rahman Hasib,2.00,,,,,,,,2080.00,80.00,,,,May & June unpaid,FFFFFF00,FFFFFF00,DUE_OR_UNPAID_REVIEW,PENDING_RECONCILIATION
Month_June_2024.xlsx,"June, 2024",25,2024-06,NSF023,MD. Abdullah Al Jobair,2.00,,,,,,,,1050.00,40.00,,,,Due May cash out charge tk 10+ june payment,FFFFFF00,FFFFFF00,DUE_OR_UNPAID_REVIEW,PENDING_RECONCILIATION
Month_June_2024.xlsx,"June, 2024",26,2024-06,NSF024,Arif - Gowranodi,1.00,500.00,500.00,2024-06-11T00:00:00,Bkash,bKash,Moin,,0.00,0.00,,,,,00000000,00000000,PAYMENT_CANDIDATE,PENDING_RECONCILIATION
Month_June_2024.xlsx,"June, 2024",27,2024-06,NSF025,Sible Iqbal,2.00,Paid,Paid,2024-05-14T00:00:00,Bkash,bKash,Moin,,0.00,0.00,,,,Advanced Payment in may,00000000,00000000,PAYMENT_CANDIDATE,PENDING_RECONCILIATION
Month_June_2024.xlsx,"June, 2024",28,2024-06,NSF026,Shikder Tanim,1.00,500.00,500.00,2024-06-06T00:00:00,Bank,Bank,Moin,,0.00,0.00,,,,,00000000,00000000,PAYMENT_CANDIDATE,PENDING_RECONCILIATION
Month_June_2024.xlsx,"June, 2024",29,2024-06,NSF027,Mamun Al Mahin (Khulna),2.00,,,,,,,,1040.00,40.00,,,,June payment unpaid,FFFFFF00,FFFFFF00,DUE_OR_UNPAID_REVIEW,PENDING_RECONCILIATION
Month_June_2024.xlsx,"June, 2024",30,2024-06,NSF028,Al Amin Sohel Khandaker,2.00,1000.00,1000.00,2024-06-12T00:00:00,Bank,Bank,Moin,,10.00,0.00,,,,Due Cash out charge,00000000,00000000,PAYMENT_CANDIDATE,PENDING_RECONCILIATION
Month_June_2024.xlsx,"June, 2024",31,2024-06,NSF029,Hasan Al Emran,1.00,500.00,500.00,2024-06-02T00:00:00,Bank,Bank,Moin,,0.00,,,,,,FFFFFFFF,00000000,PAYMENT_CANDIDATE,PENDING_RECONCILIATION
Month_June_2024.xlsx,"June, 2024",32,2024-06,NSF030,H. M Wali Ullah,2.00,1000.00,1000.00,2024-06-03T00:00:00,Bank,Bank,Moin,,0.00,0.00,,,,,00000000,00000000,PAYMENT_CANDIDATE,PENDING_RECONCILIATION
Month_June_2024.xlsx,"June, 2024",33,2024-06,NSF031,Yasin Arafat,1.00,Paid,Paid,2024-05-18T00:00:00,Bkash,bKash,Moin,,0.00,0.00,,,,Advanced Payment in May,00000000,00000000,PAYMENT_CANDIDATE,PENDING_RECONCILIATION
Month_June_2024.xlsx,"June, 2024",34,2024-06,NSF032,Ahsan Ul Tanvir,2.00,,,,,,,,4160.00,160.00,,,,March-June payment unpaid,FFFFFF00,FFFFFF00,DUE_OR_UNPAID_REVIEW,PENDING_RECONCILIATION
Month_June_2024.xlsx,"June, 2024",35,2024-06,NSF033,H. M Sakawat Ullah,2.00,,,,,,,,3120.00,120.00,,,,April-June payment unpaid,FFFFFF00,FFFFFF00,DUE_OR_UNPAID_REVIEW,PENDING_RECONCILIATION
Month_June_2024.xlsx,"June, 2024",36,2024-06,NSF034,Abu Bakar Rohan,6.00,3000.00,3000.00,2024-06-02T00:00:00,Bkash,bKash,Moin,,15000.00,0.00,,,,Due Jan-May Share amounts Without penalty.,00000000,00000000,PAYMENT_CANDIDATE,PENDING_RECONCILIATION
Month_June_2024.xlsx,"June, 2024",37,2024-06,NSF035,Mamunur Rashid,1.00,,,,,,,,,,,,,,FFFFFFFF,FFFFFFFF,DUE_OR_UNPAID_REVIEW,PENDING_RECONCILIATION
Month_June_2024.xlsx,"June, 2024",38,2024-06,NSF036,,,,,,,,,,,,,,,,FFFFFFFF,FFFFFFFF,DUE_OR_UNPAID_REVIEW,PENDING_RECONCILIATION
Month_June_2024.xlsx,"June, 2024",39,2024-06,NSF037,,,,,,,,,,,,,,,,00000000,00000000,DUE_OR_UNPAID_REVIEW,PENDING_RECONCILIATION
Month_June_2024.xlsx,"June, 2024",40,2024-06,NSF038,,,,,,,,,,,,,,,,00000000,00000000,DUE_OR_UNPAID_REVIEW,PENDING_RECONCILIATION
Month_June_2024.xlsx,"June, 2024",41,2024-06,NSF039,,,,,,,,,,,,,,,,00000000,00000000,DUE_OR_UNPAID_REVIEW,PENDING_RECONCILIATION
Month_June_2024.xlsx,"June, 2024",42,2024-06,NSF040,,,,,,,,,,,,,,,,00000000,00000000,DUE_OR_UNPAID_REVIEW,PENDING_RECONCILIATION
Month_June_2024.xlsx,"June, 2024",43,2024-06,NSF041,,,,,,,,,,,,,,,,00000000,00000000,DUE_OR_UNPAID_REVIEW,PENDING_RECONCILIATION
Month_June_2024.xlsx,"June, 2024",44,2024-06,NSF042,,,,,,,,,,,,,,,,00000000,00000000,DUE_OR_UNPAID_REVIEW,PENDING_RECONCILIATION
Month_June_2024.xlsx,"June, 2024",45,2024-06,NSF043,,,,,,,,,,,,,,,,00000000,00000000,DUE_OR_UNPAID_REVIEW,PENDING_RECONCILIATION
Month_June_2024.xlsx,"June, 2024",46,2024-06,NSF044,,,,,,,,,,,,,,,,00000000,00000000,DUE_OR_UNPAID_REVIEW,PENDING_RECONCILIATION
Month_June_2024.xlsx,"June, 2024",47,2024-06,NSF045,,,,,,,,,,,,,,,,00000000,00000000,DUE_OR_UNPAID_REVIEW,PENDING_RECONCILIATION
Month_June_2024.xlsx,"June, 2024",48,2024-06,NSF046,,,,,,,,,,,,,,,,00000000,00000000,DUE_OR_UNPAID_REVIEW,PENDING_RECONCILIATION
Month_March_2024.xlsx,"March, 2024",3,2024-03,NSF001,Salah Uddin Shuvo -Director,5.00,2500.00,2500.00,2024-03-10T00:00:00,Bank,Bank,Moin,,0.00,0.00,,,,,00000000,00000000,PAYMENT_CANDIDATE,PENDING_RECONCILIATION
Month_March_2024.xlsx,"March, 2024",4,2024-03,NSF002,Safiqul Islam -President,4.00,2000.00,2000.00,2024-03-04T00:00:00,Bank,Bank,Moin,,0.00,0.00,,,,,00000000,00000000,PAYMENT_CANDIDATE,PENDING_RECONCILIATION
Month_March_2024.xlsx,"March, 2024",5,2024-03,NSF003,Moin Uddin -Accountant,2.00,1000.00,1000.00,2024-03-14T00:00:00,Bkash,bKash,Moin,,0.00,0.00,,,,,FFFFFFFF,FFFFFFFF,PAYMENT_CANDIDATE,PENDING_RECONCILIATION
Month_March_2024.xlsx,"March, 2024",6,2024-03,NSF004,Nurul Amin Samrat -Asst. Acc,4.00,2000.00,2000.00,2024-03-10T00:00:00,Nagad,Nagad,Samrat,,0.00,0.00,,,,,00000000,00000000,PAYMENT_CANDIDATE,PENDING_RECONCILIATION
Month_March_2024.xlsx,"March, 2024",7,2024-03,NSF005,Nayem Islam -GS,2.00,1000.00,1000.00,2024-03-07T00:00:00,Bank,Bank,Moin,,0.00,0.00,,,,,00000000,00000000,PAYMENT_CANDIDATE,PENDING_RECONCILIATION
Month_March_2024.xlsx,"March, 2024",8,2024-03,NSF006,Abdul Hannan Khan -Convener,1.00,500.00,500.00,2024-03-11T00:00:00,Bkash,bKash,Moin,,0.00,0.00,,,,,FFFFFFFF,FFFFFFFF,PAYMENT_CANDIDATE,PENDING_RECONCILIATION
Month_March_2024.xlsx,"March, 2024",9,2024-03,NSF007,Bayzid Hasan,1.00,500.00,500.00,2024-03-15T00:00:00,Bkash,bKash,Moin,,0.00,0.00,,,,,FFFFFFFF,FFFFFFFF,PAYMENT_CANDIDATE,PENDING_RECONCILIATION
Month_March_2024.xlsx,"March, 2024",10,2024-03,NSF008,Munzur Rahman Munib,1.00,500.00,500.00,2024-03-14T00:00:00,Bkash,bKash,Moin,,0.00,0.00,,,,,FFFFFFFF,FFFFFFFF,PAYMENT_CANDIDATE,PENDING_RECONCILIATION
Month_March_2024.xlsx,"March, 2024",11,2024-03,NSF009,Mizanur Rahman,1.00,500.00,500.00,2024-03-15T00:00:00,Bkash,bKash,Moin,,0.00,0.00,,,,,FFFFFFFF,FFFFFFFF,PAYMENT_CANDIDATE,PENDING_RECONCILIATION
Month_March_2024.xlsx,"March, 2024",12,2024-03,NSF010,H. M Mahmudul Hasan,1.00,500.00,500.00,2024-03-14T00:00:00,Bkash,bKash,Moin,,0.00,0.00,,,,,00000000,00000000,PAYMENT_CANDIDATE,PENDING_RECONCILIATION
Month_March_2024.xlsx,"March, 2024",13,2024-03,NSF011,Shoaib Ali,2.00,1000.00,1000.00,2024-03-13T00:00:00,Nagad,Nagad,Samrat,,0.00,0.00,,,,,00000000,00000000,PAYMENT_CANDIDATE,PENDING_RECONCILIATION
Month_March_2024.xlsx,"March, 2024",14,2024-03,NSF012,Rakib Talukder,2.00,1000.00,1000.00,2024-03-14T00:00:00,Nagad,Nagad,Samrat,,0.00,0.00,,,,,00000000,00000000,PAYMENT_CANDIDATE,PENDING_RECONCILIATION
Month_March_2024.xlsx,"March, 2024",15,2024-03,NSF013,H. M Ali Hossain,2.00,2040.00,2040.00,2024-03-04T00:00:00,Bank,Bank,Moin,,0.00,40.00,,,,February + Penalty + March amount. Received through Safique,00000000,00000000,PAYMENT_CANDIDATE,PENDING_RECONCILIATION
Month_March_2024.xlsx,"March, 2024",16,2024-03,NSF014,MD. Mustafizur Rahman Kollol,6.00,3000.00,3000.00,2024-03-13T00:00:00,Bank,Bank,Moin,,0.00,0.00,,,,,00000000,00000000,PAYMENT_CANDIDATE,PENDING_RECONCILIATION
Month_March_2024.xlsx,"March, 2024",17,2024-03,NSF015,Kawsar Ullah,1.00,500.00,500.00,2024-03-07T00:00:00,Bank,Bank,Moin,,0.00,0.00,,,,,00000000,00000000,PAYMENT_CANDIDATE,PENDING_RECONCILIATION
Month_March_2024.xlsx,"March, 2024",18,2024-03,NSF016,Arifur Rahman -Patuakhali,1.00,500.00,500.00,2024-03-15T00:00:00,Nagad,Nagad,Samrat,,0.00,0.00,,,,,00000000,00000000,PAYMENT_CANDIDATE,PENDING_RECONCILIATION
Month_March_2024.xlsx,"March, 2024",19,2024-03,NSF017,Mamun Mridha,4.00,2000.00,2000.00,2024-03-13T00:00:00,Nagad,Nagad,Samrat,,0.00,0.00,,,,,00000000,00000000,PAYMENT_CANDIDATE,PENDING_RECONCILIATION
Month_March_2024.xlsx,"March, 2024",20,2024-03,NSF018,Masum Billah,2.00,1000.00,1000.00,2024-03-08T00:00:00,Bank,Bank,Moin,,0.00,0.00,,,,,00000000,00000000,PAYMENT_CANDIDATE,PENDING_RECONCILIATION
Month_March_2024.xlsx,"March, 2024",21,2024-03,NSF019,Mamun Al Mahin- Ptk,2.00,1000.00,1000.00,2024-03-08T00:00:00,Bank,Bank,Moin,,0.00,0.00,,,,,00000000,00000000,PAYMENT_CANDIDATE,PENDING_RECONCILIATION
Month_March_2024.xlsx,"March, 2024",22,2024-03,NSF020,Nasim Billah Rafi,1.00,500.00,500.00,2024-03-14T00:00:00,Nagad,Nagad,Samrat,,0.00,0.00,,,,,00000000,00000000,PAYMENT_CANDIDATE,PENDING_RECONCILIATION
Month_March_2024.xlsx,"March, 2024",23,2024-03,NSF021,MD. Tawhid Islam,2.00,1000.00,1000.00,2024-03-14T00:00:00,Nagad,Nagad,Samrat,,0.00,0.00,,,,,00000000,00000000,PAYMENT_CANDIDATE,PENDING_RECONCILIATION
Month_March_2024.xlsx,"March, 2024",24,2024-03,NSF022,Mahmudur Rahman Hasib,2.00,1000.00,1000.00,2024-03-14T00:00:00,Nagad,Nagad,Samrat,,0.00,0.00,,,,,00000000,00000000,PAYMENT_CANDIDATE,PENDING_RECONCILIATION
Month_March_2024.xlsx,"March, 2024",25,2024-03,NSF023,MD. Abdullah Al Jobair,1.00,500.00,500.00,2024-03-12T00:00:00,Bkash,bKash,Moin,,0.00,0.00,,,,,FFFFFFFF,FFFFFFFF,PAYMENT_CANDIDATE,PENDING_RECONCILIATION
Month_March_2024.xlsx,"March, 2024",26,2024-03,NSF024,Arif - Gowranodi,1.00,500.00,500.00,2024-03-16T00:00:00,Bank,Bank,Moin,,20.00,20.00,,,,20TK penalty will be added on April,FFFFFFFF,FFFFFFFF,PAYMENT_CANDIDATE,PENDING_RECONCILIATION
Month_March_2024.xlsx,"March, 2024",27,2024-03,NSF025,Sible Iqbal,2.00,1000.00,1000.00,2024-03-24T00:00:00,Bkash,bKash,Moin,,40.00,40.00,,,,40TK penalty will be added on April,FFFFFFFF,FFFFFFFF,PAYMENT_CANDIDATE,PENDING_RECONCILIATION
Month_March_2024.xlsx,"March, 2024",28,2024-03,NSF026,Shikder Tanim,1.00,500.00,500.00,2024-03-13T00:00:00,Bank,Bank,Moin,,0.00,0.00,,,,,00000000,00000000,PAYMENT_CANDIDATE,PENDING_RECONCILIATION
Month_March_2024.xlsx,"March, 2024",29,2024-03,NSF027,Mamun Al Mahin (Khulna),2.00,,,,,,,,1040.00,40.00,,,,,FFFFFF00,FFFFFF00,DUE_OR_UNPAID_REVIEW,PENDING_RECONCILIATION
Month_March_2024.xlsx,"March, 2024",30,2024-03,NSF028,Al Amin Sohel Khandaker,2.00,1000.00,1000.00,2024-03-10T00:00:00,Nagad,Nagad,Samrat,,0.00,0.00,,,,,00000000,00000000,PAYMENT_CANDIDATE,PENDING_RECONCILIATION
Month_March_2024.xlsx,"March, 2024",31,2024-03,NSF029,Hasan Al Emran,1.00,500.00,500.00,2024-03-04T00:00:00,Bank,Bank,Moin,,0.00,0.00,,,,,00000000,00000000,PAYMENT_CANDIDATE,PENDING_RECONCILIATION
Month_March_2024.xlsx,"March, 2024",32,2024-03,NSF030,H. M Wali Ullah,2.00,1000.00,1000.00,2024-03-10T00:00:00,Bank,Bank,Moin,,0.00,0.00,,,,,00000000,00000000,PAYMENT_CANDIDATE,PENDING_RECONCILIATION
Month_March_2024.xlsx,"March, 2024",33,2024-03,NSF031,Yasin Arafat,1.00,Paid,Paid,2024-01-30T00:00:00,Bkash,bKash,Moin,,0.00,0.00,,,,Paid in January,FFFFFFFF,FFFFFFFF,PAYMENT_CANDIDATE,PENDING_RECONCILIATION
Month_March_2024.xlsx,"March, 2024",34,2024-03,NSF032,Ahsan Ul Tanvir,2.00,,,,,,,,1040.00,40.00,,,,,FFFFFF00,FFFFFF00,DUE_OR_UNPAID_REVIEW,PENDING_RECONCILIATION
Month_March_2024.xlsx,"March, 2024",35,2024-03,NSF033,H. M Sakawat Ullah,2.00,1000.00,1000.00,2024-03-15T00:00:00,Nagad,Nagad,Samrat,,0.00,0.00,,,,,00000000,00000000,PAYMENT_CANDIDATE,PENDING_RECONCILIATION
Month_March_2024.xlsx,"March, 2024",36,2024-03,NSF034,Abu Bakar Rohan,6.00,,,,,,,,,,,,,,00000000,00000000,DUE_OR_UNPAID_REVIEW,PENDING_RECONCILIATION
Month_March_2024.xlsx,"March, 2024",37,2024-03,NSF035,Mamunur Rashid,1.00,,,,,,,,,,,,,,00000000,00000000,DUE_OR_UNPAID_REVIEW,PENDING_RECONCILIATION
Month_March_2024.xlsx,"March, 2024",38,2024-03,NSF036,,,,,,,,,,,,,,,,00000000,00000000,DUE_OR_UNPAID_REVIEW,PENDING_RECONCILIATION
Month_March_2024.xlsx,"March, 2024",39,2024-03,NSF037,,,,,,,,,,,,,,,,00000000,00000000,DUE_OR_UNPAID_REVIEW,PENDING_RECONCILIATION
Month_March_2024.xlsx,"March, 2024",40,2024-03,NSF038,,,,,,,,,,,,,,,,00000000,00000000,DUE_OR_UNPAID_REVIEW,PENDING_RECONCILIATION
Month_March_2024.xlsx,"March, 2024",41,2024-03,NSF039,,,,,,,,,,,,,,,,00000000,00000000,DUE_OR_UNPAID_REVIEW,PENDING_RECONCILIATION
Month_March_2024.xlsx,"March, 2024",42,2024-03,NSF040,,,,,,,,,,,,,,,,00000000,00000000,DUE_OR_UNPAID_REVIEW,PENDING_RECONCILIATION
Month_March_2024.xlsx,"March, 2024",43,2024-03,NSF041,,,,,,,,,,,,,,,,00000000,00000000,DUE_OR_UNPAID_REVIEW,PENDING_RECONCILIATION
Month_March_2024.xlsx,"March, 2024",44,2024-03,NSF042,,,,,,,,,,,,,,,,00000000,00000000,DUE_OR_UNPAID_REVIEW,PENDING_RECONCILIATION
Month_March_2024.xlsx,"March, 2024",45,2024-03,NSF043,,,,,,,,,,,,,,,,00000000,00000000,DUE_OR_UNPAID_REVIEW,PENDING_RECONCILIATION
Month_March_2024.xlsx,"March, 2024",46,2024-03,NSF044,,,,,,,,,,,,,,,,00000000,00000000,DUE_OR_UNPAID_REVIEW,PENDING_RECONCILIATION
Month_March_2024.xlsx,"March, 2024",47,2024-03,NSF045,,,,,,,,,,,,,,,,00000000,00000000,DUE_OR_UNPAID_REVIEW,PENDING_RECONCILIATION
Month_May_2024.xlsx,"May, 2024",3,2024-05,NSF001,Salah Uddin Shuvo -Director,5.00,2500.00,2500.00,2024-05-08T00:00:00,Bank,Bank,Moin,,0.00,0.00,,,,,00000000,00000000,PAYMENT_CANDIDATE,PENDING_RECONCILIATION
Month_May_2024.xlsx,"May, 2024",4,2024-05,NSF002,Safiqul Islam -President,3.00,1500.00,1500.00,2024-05-13T00:00:00,Bank,Bank,Moin,,2500.00,80.00,,,,April+May (500) tk unpaid,FFFFFF00,FFFFFF00,PAYMENT_CANDIDATE,PENDING_RECONCILIATION
Month_May_2024.xlsx,"May, 2024",5,2024-05,NSF003,Moin Uddin -Accountant,2.00,2500.00,2500.00,2024-05-08T00:00:00,Bank,Bank,Moin,,0.00,0.00,,,,,00000000,00000000,PAYMENT_CANDIDATE,PENDING_RECONCILIATION
Month_May_2024.xlsx,"May, 2024",6,2024-05,NSF004,Nurul Amin Samrat -Asst. Acc,4.00,2000.00,2000.00,2024-05-14T00:00:00,Nagad,Nagad,samrat,,0.00,0.00,,,,,00000000,00000000,PAYMENT_CANDIDATE,PENDING_RECONCILIATION
Month_May_2024.xlsx,"May, 2024",7,2024-05,NSF005,Nayem Islam -GS,2.00,1000.00,1000.00,2024-05-14T00:00:00,Bkash,bKash,Moin,,0.00,0.00,,,,,00000000,00000000,PAYMENT_CANDIDATE,PENDING_RECONCILIATION
Month_May_2024.xlsx,"May, 2024",8,2024-05,NSF006,Abdul Hannan Khan -Convener,1.00,500.00,500.00,2024-05-09T00:00:00,Bkash,bKash,Moin,,0.00,0.00,,,,,00000000,00000000,PAYMENT_CANDIDATE,PENDING_RECONCILIATION
Month_May_2024.xlsx,"May, 2024",9,2024-05,NSF007,Bayzid Hasan,1.00,,,,,,,,,,,,,He will not continue with us,FFFF0000,FFFF0000,DUE_OR_UNPAID_REVIEW,PENDING_RECONCILIATION
Month_May_2024.xlsx,"May, 2024",10,2024-05,NSF008,Munzur Rahman Munib,1.00,500.00,500.00,2024-05-15T00:00:00,Bkash,bKash,Moin,,0.00,0.00,,,,,00000000,00000000,PAYMENT_CANDIDATE,PENDING_RECONCILIATION
Month_May_2024.xlsx,"May, 2024",11,2024-05,NSF009,Mizanur Rahman,1.00,500.00,500.00,2024-05-12T00:00:00,Bkash,bKash,Moin,,0.00,0.00,,,,,00000000,00000000,PAYMENT_CANDIDATE,PENDING_RECONCILIATION
Month_May_2024.xlsx,"May, 2024",12,2024-05,NSF010,H. M Mahmudul Hasan,1.00,500.00,500.00,2024-05-01T00:00:00,Bank,Bank,Moin,,0.00,0.00,,,,,00000000,00000000,PAYMENT_CANDIDATE,PENDING_RECONCILIATION
Month_May_2024.xlsx,"May, 2024",13,2024-05,NSF011,Shoaib Ali,2.00,1000.00,1000.00,2024-05-04T00:00:00,Nagad,Nagad,Samrat,,0.00,0.00,,,,,00000000,00000000,PAYMENT_CANDIDATE,PENDING_RECONCILIATION
Month_May_2024.xlsx,"May, 2024",14,2024-05,NSF012,Rakib Talukder,2.00,1000.00,1000.00,2024-05-04T00:00:00,Nagad,Nagad,Samrat,,0.00,0.00,,,,,00000000,00000000,PAYMENT_CANDIDATE,PENDING_RECONCILIATION
Month_May_2024.xlsx,"May, 2024",15,2024-05,NSF013,H. M Ali Hossain,2.00,1010.00,1010.00,2024-05-04T00:00:00,Nagad,Nagad,Samrat,,0.00,0.00,,,,Due is paid,00000000,00000000,PAYMENT_CANDIDATE,PENDING_RECONCILIATION
Month_May_2024.xlsx,"May, 2024",16,2024-05,NSF014,MD. Mustafizur Rahman Kollol,6.00,3000.00,3000.00,2024-05-14T00:00:00,Bank,Bank,Moin,,0.00,0.00,,,,,00000000,00000000,PAYMENT_CANDIDATE,PENDING_RECONCILIATION
Month_May_2024.xlsx,"May, 2024",17,2024-05,NSF015,Kawsar Ullah,1.00,500.00,500.00,2024-05-14T00:00:00,Nagad,Nagad,Samrat,,0.00,0.00,,,,,00000000,00000000,PAYMENT_CANDIDATE,PENDING_RECONCILIATION
Month_May_2024.xlsx,"May, 2024",18,2024-05,NSF016,Arifur Rahman -Patuakhali,1.00,500.00,500.00,2024-05-10T00:00:00,Nagad,Nagad,Samrat,,0.00,0.00,,,,,00000000,00000000,PAYMENT_CANDIDATE,PENDING_RECONCILIATION
Month_May_2024.xlsx,"May, 2024",19,2024-05,NSF017,Mamun Mridha,4.00,2000.00,2000.00,2024-05-13T00:00:00,Nagad,Nagad,Samrat,,0.00,0.00,,,,,00000000,00000000,PAYMENT_CANDIDATE,PENDING_RECONCILIATION
Month_May_2024.xlsx,"May, 2024",20,2024-05,NSF018,Masum Billah,2.00,1000.00,1000.00,2024-05-10T00:00:00,Bank,Bank,Moin,,40.00,40.00,,,,April penalty unpaid,FFFFFF00,FFFFFF00,PAYMENT_CANDIDATE,PENDING_RECONCILIATION
Month_May_2024.xlsx,"May, 2024",21,2024-05,NSF019,Mamun Al Mahin- Ptk,2.00,1000.00,1000.00,2024-05-10T00:00:00,Bank,Bank,Moin,,40.00,40.00,,,,April penalty unpaid,FFFFFF00,FFFFFF00,PAYMENT_CANDIDATE,PENDING_RECONCILIATION
Month_May_2024.xlsx,"May, 2024",22,2024-05,NSF020,Nasim Billah Rafi,1.00,1025.00,1025.00,2024-05-20T00:00:00,Nagad,Nagad,Samrat,,15.00,40.00,,,,Paid for April+May. Due 15 tk cash out charge,FFFFFF00,FFFFFF00,PAYMENT_CANDIDATE,PENDING_RECONCILIATION
Month_May_2024.xlsx,"May, 2024",23,2024-05,NSF021,MD. Tawhid Islam,2.00,1000.00,1000.00,2024-05-08T00:00:00,Nagad,Nagad,Samrat,,0.00,0.00,,,,,00000000,00000000,PAYMENT_CANDIDATE,PENDING_RECONCILIATION
Month_May_2024.xlsx,"May, 2024",24,2024-05,NSF022,Mahmudur Rahman Hasib,2.00,,,,,,,,1040.00,40.00,,,,,FFFFFF00,FFFFFF00,DUE_OR_UNPAID_REVIEW,PENDING_RECONCILIATION
Month_May_2024.xlsx,"May, 2024",25,2024-05,NSF023,MD. Abdullah Al Jobair,2.00,1000.00,1000.00,2024-05-14T00:00:00,Bkash,bKash,Moin,,10.00,0.00,,,,10 tk cash out charge unpaid,00000000,00000000,PAYMENT_CANDIDATE,PENDING_RECONCILIATION
Month_May_2024.xlsx,"May, 2024",26,2024-05,NSF024,Arif - Gowranodi,1.00,500.00,500.00,2024-05-15T00:00:00,Bank,Bank,Moin,,0.00,0.00,,,,,00000000,00000000,PAYMENT_CANDIDATE,PENDING_RECONCILIATION
Month_May_2024.xlsx,"May, 2024",27,2024-05,NSF025,Sible Iqbal,2.00,2040.00,2040.00,2024-05-14T00:00:00,Bkash,bKash,Moin,,0.00,40.00,,,,Penalty 40 tk paid. Advanced paid for June,00000000,00000000,PAYMENT_CANDIDATE,PENDING_RECONCILIATION
Month_May_2024.xlsx,"May, 2024",28,2024-05,NSF026,Shikder Tanim,1.00,500.00,500.00,2024-05-06T00:00:00,Bank,Bank,Moin,,0.00,0.00,,,,,00000000,00000000,PAYMENT_CANDIDATE,PENDING_RECONCILIATION
Month_May_2024.xlsx,"May, 2024",29,2024-05,NSF027,Mamun Al Mahin (Khulna),2.00,1060.00,1060.00,2024-05-15T00:00:00,Bank,Bank,Moin,,0.00,0.00,,,,Due penalty paid,00000000,00000000,PAYMENT_CANDIDATE,PENDING_RECONCILIATION
Month_May_2024.xlsx,"May, 2024",30,2024-05,NSF028,Al Amin Sohel Khandaker,2.00,1000.00,1000.00,2024-05-14T00:00:00,Bkash,bKash,Moin,,0.00,0.00,,,,,00000000,00000000,PAYMENT_CANDIDATE,PENDING_RECONCILIATION
Month_May_2024.xlsx,"May, 2024",31,2024-05,NSF029,Hasan Al Emran,1.00,500.00,500.00,2024-05-01T00:00:00,Bank,Bank,Moin,,0.00,0.00,,,,,00000000,00000000,PAYMENT_CANDIDATE,PENDING_RECONCILIATION
Month_May_2024.xlsx,"May, 2024",32,2024-05,NSF030,H. M Wali Ullah,2.00,1000.00,1000.00,2024-05-12T00:00:00,Bank,Bank,Moin,,0.00,0.00,,,,,00000000,00000000,PAYMENT_CANDIDATE,PENDING_RECONCILIATION
Month_May_2024.xlsx,"May, 2024",33,2024-05,NSF031,Yasin Arafat,1.00,2000.00,2000.00,2024-05-18T00:00:00,Bkash,bKash,Moin,,0.00,0.00,,,,Advanced Payment for May-Aug,00000000,00000000,PAYMENT_CANDIDATE,PENDING_RECONCILIATION
Month_May_2024.xlsx,"May, 2024",34,2024-05,NSF032,Ahsan Ul Tanvir,2.00,,,,,,,,3120.00,120.00,,,,Due amount,FFFFFF00,FFFFFF00,DUE_OR_UNPAID_REVIEW,PENDING_RECONCILIATION
Month_May_2024.xlsx,"May, 2024",35,2024-05,NSF033,H. M Sakawat Ullah,2.00,,,,,,,,2080.00,80.00,,,,Due amount,FFFFFF00,FFFFFF00,DUE_OR_UNPAID_REVIEW,PENDING_RECONCILIATION
Month_May_2024.xlsx,"May, 2024",36,2024-05,NSF034,Abu Bakar Rohan,6.00,,,,,,,,,,,,,,FFFFFFFF,FFFFFFFF,DUE_OR_UNPAID_REVIEW,PENDING_RECONCILIATION
Month_May_2024.xlsx,"May, 2024",37,2024-05,NSF035,Mamunur Rashid,1.00,,,,,,,,,,,,,,00000000,00000000,DUE_OR_UNPAID_REVIEW,PENDING_RECONCILIATION
Month_May_2024.xlsx,"May, 2024",38,2024-05,NSF036,,,,,,,,,,,,,,,,00000000,00000000,DUE_OR_UNPAID_REVIEW,PENDING_RECONCILIATION
Month_May_2024.xlsx,"May, 2024",39,2024-05,NSF037,,,,,,,,,,,,,,,,00000000,00000000,DUE_OR_UNPAID_REVIEW,PENDING_RECONCILIATION
Month_May_2024.xlsx,"May, 2024",40,2024-05,NSF038,,,,,,,,,,,,,,,,00000000,00000000,DUE_OR_UNPAID_REVIEW,PENDING_RECONCILIATION
Month_May_2024.xlsx,"May, 2024",41,2024-05,NSF039,,,,,,,,,,,,,,,,00000000,00000000,DUE_OR_UNPAID_REVIEW,PENDING_RECONCILIATION
Month_May_2024.xlsx,"May, 2024",42,2024-05,NSF040,,,,,,,,,,,,,,,,00000000,00000000,DUE_OR_UNPAID_REVIEW,PENDING_RECONCILIATION
Month_May_2024.xlsx,"May, 2024",43,2024-05,NSF041,,,,,,,,,,,,,,,,00000000,00000000,DUE_OR_UNPAID_REVIEW,PENDING_RECONCILIATION
Month_May_2024.xlsx,"May, 2024",44,2024-05,NSF042,,,,,,,,,,,,,,,,00000000,00000000,DUE_OR_UNPAID_REVIEW,PENDING_RECONCILIATION
Month_May_2024.xlsx,"May, 2024",45,2024-05,NSF043,,,,,,,,,,,,,,,,00000000,00000000,DUE_OR_UNPAID_REVIEW,PENDING_RECONCILIATION
Month_May_2024.xlsx,"May, 2024",46,2024-05,NSF044,,,,,,,,,,,,,,,,00000000,00000000,DUE_OR_UNPAID_REVIEW,PENDING_RECONCILIATION
Month_May_2024.xlsx,"May, 2024",47,2024-05,NSF045,,,,,,,,,,,,,,,,00000000,00000000,DUE_OR_UNPAID_REVIEW,PENDING_RECONCILIATION
Month_May_2024.xlsx,"May, 2024",48,2024-05,NSF046,,,,,,,,,,,,,,,,00000000,00000000,DUE_OR_UNPAID_REVIEW,PENDING_RECONCILIATION
Month_November_2024.xlsx,"Nov, 2024",3,2024-11,NSF001,Salah Uddin Shuvo -Director,5.00,2500.00,2500.00,2024-11-10T00:00:00,Bank,Bank,Moin,,0.00,0.00,,,,,00000000,00000000,PAYMENT_CANDIDATE,PENDING_RECONCILIATION
Month_November_2024.xlsx,"Nov, 2024",4,2024-11,NSF002,Safiqul Islam -President,3.00,1500.00,1500.00,2024-11-06T00:00:00,Bank,Bank,Moin,,0.00,0.00,,,,,00000000,00000000,PAYMENT_CANDIDATE,PENDING_RECONCILIATION
Month_November_2024.xlsx,"Nov, 2024",5,2024-11,NSF003,Moin Uddin -Accountant,2.00,1000.00,1000.00,2024-11-10T00:00:00,Bank,Bank,Moin,,0.00,0.00,,,,,00000000,00000000,PAYMENT_CANDIDATE,PENDING_RECONCILIATION
Month_November_2024.xlsx,"Nov, 2024",6,2024-11,NSF004,Nurul Amin Samrat -Asst. Acc,4.00,2000.00,2000.00,2024-11-15T00:00:00,Nagad,Nagad,Samrat,,,,,,,,FFFFFFFF,FFFFFFFF,PAYMENT_CANDIDATE,PENDING_RECONCILIATION
Month_November_2024.xlsx,"Nov, 2024",7,2024-11,NSF005,Nayem Islam -GS,2.00,1000.00,1000.00,2024-11-15T00:00:00,Bank,Bank,Moin,,0.00,0.00,,,,He used to get money from me. I have deducted 1K from that money and returned the rest to him.,00000000,00000000,PAYMENT_CANDIDATE,PENDING_RECONCILIATION
Month_November_2024.xlsx,"Nov, 2024",8,2024-11,NSF006,Abdul Hannan Khan -Convener,1.00,500.00,500.00,2024-11-16T00:00:00,Bkash,bKash,Moin,,10.00,0.00,,,,Due November late fee,00000000,00000000,PAYMENT_CANDIDATE,PENDING_RECONCILIATION
Month_November_2024.xlsx,"Nov, 2024",9,2024-11,NSF007,Bayzid Hasan,1.00,,,,,,,,,,,,,,FFFFFFFF,FFFFFFFF,DUE_OR_UNPAID_REVIEW,PENDING_RECONCILIATION
Month_November_2024.xlsx,"Nov, 2024",10,2024-11,NSF008,Munzur Rahman Munib,1.00,510.00,510.00,2024-11-15T00:00:00,Bkash,bKash,Moin,,0.00,10.00,,,,Sept Penalty Paid,FFFFFFFF,00000000,PAYMENT_CANDIDATE,PENDING_RECONCILIATION
Month_November_2024.xlsx,"Nov, 2024",11,2024-11,NSF009,Mizanur Rahman,1.00,500.00,500.00,2024-11-14T00:00:00,Bkash,bKash,Moin,,0.00,0.00,,,,,00000000,00000000,PAYMENT_CANDIDATE,PENDING_RECONCILIATION
Month_November_2024.xlsx,"Nov, 2024",12,2024-11,NSF010,H. M Mahmudul Hasan,1.00,500.00,500.00,2024-11-04T00:00:00,Bkash,bKash,Moin,,0.00,0.00,,,,,00000000,00000000,PAYMENT_CANDIDATE,PENDING_RECONCILIATION
Month_November_2024.xlsx,"Nov, 2024",13,2024-11,NSF011,Shoaib Ali,2.00,,,,,,,,1040.00,40.00,,,,Due November payment,FFFFFFFF,FFFFFFFF,DUE_OR_UNPAID_REVIEW,PENDING_RECONCILIATION
Month_November_2024.xlsx,"Nov, 2024",14,2024-11,NSF012,Rakib Talukder,2.00,,,,,,,,1010.00,40.00,,,,His balance was 30 tk. Now due is 1010 tk,FFFFFFFF,FFFFFFFF,DUE_OR_UNPAID_REVIEW,PENDING_RECONCILIATION
Month_November_2024.xlsx,"Nov, 2024",15,2024-11,NSF013,H. M Ali Hossain,2.00,1000.00,1000.00,2024-11-16T00:00:00,Bkash,bKash,Moin,,40.00,40.00,,,,Due October penalty,FFFFFF00,FFFFFF00,PAYMENT_CANDIDATE,PENDING_RECONCILIATION
Month_November_2024.xlsx,"Nov, 2024",16,2024-11,NSF014,MD. Mustafizur Rahman Kollol,6.00,3000.00,3000.00,2024-11-04T00:00:00,Bank,Bank,Moin,,0.00,0.00,,,,,00000000,00000000,PAYMENT_CANDIDATE,PENDING_RECONCILIATION
Month_November_2024.xlsx,"Nov, 2024",17,2024-11,NSF015,Kawsar Ullah,1.00,,,,,,,,2580.00,80.00,,,,Due July-Nov 2600,FFFFFFFF,FFFFFFFF,DUE_OR_UNPAID_REVIEW,PENDING_RECONCILIATION
Month_November_2024.xlsx,"Nov, 2024",18,2024-11,NSF016,Arifur Rahman -Patuakhali,1.00,1000.00,1000.00,2024-11-06T00:00:00,Bank,Bank,Moin,,0.00,0.00,,,,Oct+November paid,00000000,00000000,PAYMENT_CANDIDATE,PENDING_RECONCILIATION
Month_November_2024.xlsx,"Nov, 2024",19,2024-11,NSF017,Mamun Mridha,4.00,2000.00,2000.00,2024-11-13T00:00:00,Nagad,Nagad,Samrat,,,,,,,,FFFFFFFF,FFFFFFFF,PAYMENT_CANDIDATE,PENDING_RECONCILIATION
Month_November_2024.xlsx,"Nov, 2024",20,2024-11,NSF018,Masum Billah,2.00,1000.00,1000.00,2024-11-10T00:00:00,Bank,Bank,Moin,,0.00,0.00,,,,All dues are clear,00000000,00000000,PAYMENT_CANDIDATE,PENDING_RECONCILIATION
Month_November_2024.xlsx,"Nov, 2024",21,2024-11,NSF019,Mamun Al Mahin- Ptk,2.00,1000.00,1000.00,2024-11-10T00:00:00,Bank,Bank,Moin,,40.00,40.00,,,,April penalty unpaid,FFFFFF00,FFFFFF00,PAYMENT_CANDIDATE,PENDING_RECONCILIATION
Month_November_2024.xlsx,"Nov, 2024",22,2024-11,NSF020,Nasim Billah Rafi,1.00,,,,,,,,3120.00,120.00,,,,Due June-Nov payment+May cash out charge,FFFFFF00,FFFFFF00,DUE_OR_UNPAID_REVIEW,PENDING_RECONCILIATION
Month_November_2024.xlsx,"Nov, 2024",23,2024-11,NSF021,MD. Tawhid Islam,2.00,,,,,,,,1040.00,40.00,,,,Due Nov payment,FFFFFFFF,FFFFFFFF,DUE_OR_UNPAID_REVIEW,PENDING_RECONCILIATION
Month_November_2024.xlsx,"Nov, 2024",24,2024-11,NSF022,Mahmudur Rahman Hasib,2.00,,,,,,,,7240.00,240.00,,,,"Due May, June-Nov",FFFFFF00,FFFFFF00,DUE_OR_UNPAID_REVIEW,PENDING_RECONCILIATION
Month_November_2024.xlsx,"Nov, 2024",25,2024-11,NSF023,MD. Abdullah Al Jobair,2.00,,,,,,,,6210.00,210.00,,,,May cash out charge tk 10+ june - Nov payment + penalty,FFFFFF00,FFFFFF00,DUE_OR_UNPAID_REVIEW,PENDING_RECONCILIATION
Month_November_2024.xlsx,"Nov, 2024",26,2024-11,NSF024,Arif - Gowranodi,1.00,,,,,,,,520.00,20.00,,,,Due Nov payment,FFFFFFFF,FFFFFFFF,DUE_OR_UNPAID_REVIEW,PENDING_RECONCILIATION
Month_November_2024.xlsx,"Nov, 2024",27,2024-11,NSF025,Sible Iqbal,2.00,,,,,,,,3190.00,190.00,,,,"Due July, aug penalty+Sept+Oct+Nov payment & penalty.",FFFFFF00,FFFFFF00,DUE_OR_UNPAID_REVIEW,PENDING_RECONCILIATION
Month_November_2024.xlsx,"Nov, 2024",28,2024-11,NSF026,Shikder Tanim,1.00,500.00,500.00,2024-11-11T00:00:00,Bank,Bank,Moin,,0.00,0.00,,,,,00000000,00000000,PAYMENT_CANDIDATE,PENDING_RECONCILIATION
Month_November_2024.xlsx,"Nov, 2024",29,2024-11,NSF027,Mamun Al Mahin (Khulna),2.00,,,,,,,,6200.00,200.00,,,,Due June - Nov payment,FFFFFF00,FFFFFF00,DUE_OR_UNPAID_REVIEW,PENDING_RECONCILIATION
Month_November_2024.xlsx,"Nov, 2024",30,2024-11,NSF028,Al Amin Sohel Khandaker,2.00,2000.00,2000.00,2024-11-07T00:00:00,Bank,Bank,Moin,,0.00,0.00,,,,Paid for November & December payment,00000000,00000000,PAYMENT_CANDIDATE,PENDING_RECONCILIATION
Month_November_2024.xlsx,"Nov, 2024",31,2024-11,NSF029,Hasan Al Emran,1.00,500.00,500.00,2024-11-07T00:00:00,Bank,Bank,Moin,,0.00,0.00,,,,,00000000,00000000,PAYMENT_CANDIDATE,PENDING_RECONCILIATION
Month_November_2024.xlsx,"Nov, 2024",32,2024-11,NSF030,H. M Wali Ullah,2.00,,,,,,,,1040.00,40.00,,,,Nov payment due,FFFFFF00,FFFFFF00,DUE_OR_UNPAID_REVIEW,PENDING_RECONCILIATION
Month_November_2024.xlsx,"Nov, 2024",33,2024-11,NSF031,Yasin Arafat,1.00,2000.00,2000.00,2024-11-18T00:00:00,Bkash,bKash,Moin,,0.00,0.00,,,,For Sept-December 24.,00000000,00000000,PAYMENT_CANDIDATE,PENDING_RECONCILIATION
Month_November_2024.xlsx,"Nov, 2024",34,2024-11,NSF032,Ahsan Ul Tanvir,2.00,,,,,,,,9320.00,320.00,,,,Due Mar-Nov payment. No penalty for aug,FFFFFF00,FFFFFF00,DUE_OR_UNPAID_REVIEW,PENDING_RECONCILIATION
Month_November_2024.xlsx,"Nov, 2024",35,2024-11,NSF033,H. M Sakawat Ullah,2.00,,,,,,,,1100.00,100.00,,,,Due Nov payment & 60 tk oct penalty fee.,FFFFFF00,FFFFFF00,DUE_OR_UNPAID_REVIEW,PENDING_RECONCILIATION
Month_November_2024.xlsx,"Nov, 2024",36,2024-11,NSF034,Abu Bakar Rohan,6.00,3000.00,3000.00,2024-11-13T00:00:00,Bkash,bKash,Moin,,15000.00,0.00,,,,Due Jan-May Share amounts,00000000,00000000,PAYMENT_CANDIDATE,PENDING_RECONCILIATION
Month_November_2024.xlsx,"Nov, 2024",37,2024-11,NSF035,Mamunur Rashid,1.00,Paid,Paid,2024-10-07T00:00:00,Bank,Bank,Moin,,0.00,0.00,,,,Advanced. He joined in October & paid January-December-24 at once.,00000000,00000000,PAYMENT_CANDIDATE,PENDING_RECONCILIATION
Month_November_2024.xlsx,"Nov, 2024",38,2024-11,NSF036,,,,,,,,,,,,,,,,FFFFFFFF,FFFFFFFF,DUE_OR_UNPAID_REVIEW,PENDING_RECONCILIATION
Month_November_2024.xlsx,"Nov, 2024",39,2024-11,NSF037,,,,,,,,,,,,,,,,00000000,00000000,DUE_OR_UNPAID_REVIEW,PENDING_RECONCILIATION
Month_November_2024.xlsx,"Nov, 2024",40,2024-11,NSF038,,,,,,,,,,,,,,,,00000000,00000000,DUE_OR_UNPAID_REVIEW,PENDING_RECONCILIATION
Month_November_2024.xlsx,"Nov, 2024",41,2024-11,NSF039,,,,,,,,,,,,,,,,00000000,00000000,DUE_OR_UNPAID_REVIEW,PENDING_RECONCILIATION
Month_November_2024.xlsx,"Nov, 2024",42,2024-11,NSF040,,,,,,,,,,,,,,,,00000000,00000000,DUE_OR_UNPAID_REVIEW,PENDING_RECONCILIATION
Month_October_2024.xlsx,"Oct, 2024",3,2024-10,NSF001,Salah Uddin Shuvo -Director,5.00,2500.00,2500.00,2024-10-15T00:00:00,Bank,Bank,Moin,,0.00,0.00,,,,,00000000,00000000,PAYMENT_CANDIDATE,PENDING_RECONCILIATION
Month_October_2024.xlsx,"Oct, 2024",4,2024-10,NSF002,Safiqul Islam -President,3.00,1500.00,1500.00,2024-10-09T00:00:00,Bank,Bank,Moin,,0.00,0.00,,,,,FFFFFF00,FFFFFF00,PAYMENT_CANDIDATE,PENDING_RECONCILIATION
Month_October_2024.xlsx,"Oct, 2024",5,2024-10,NSF003,Moin Uddin -Accountant,2.00,1000.00,1000.00,2024-10-05T00:00:00,Bank,Bank,Moin,,0.00,0.00,,,,,00000000,00000000,PAYMENT_CANDIDATE,PENDING_RECONCILIATION
Month_October_2024.xlsx,"Oct, 2024",6,2024-10,NSF004,Nurul Amin Samrat -Asst. Acc,4.00,2000.00,2000.00,2024-10-10T00:00:00,nagad,Nagad,Samrat,,,,,,,,FFFFFFFF,FFFFFFFF,PAYMENT_CANDIDATE,PENDING_RECONCILIATION
Month_October_2024.xlsx,"Oct, 2024",7,2024-10,NSF005,Nayem Islam -GS,2.00,Paid,Paid,2024-09-18T00:00:00,Bkash,bKash,Moin,,0.00,70.00,,,,Aug+Sept paid with penalty. October paid in advanced in total 3070. Balance 30 tk,00000000,00000000,PAYMENT_CANDIDATE,PENDING_RECONCILIATION
Month_October_2024.xlsx,"Oct, 2024",8,2024-10,NSF006,Abdul Hannan Khan -Convener,1.00,1020.00,1020.00,2024-10-03T00:00:00,Bkash,bKash,Moin,,0.00,20.00,,,,Sept penalty paid+Oct,00000000,00000000,PAYMENT_CANDIDATE,PENDING_RECONCILIATION
Month_October_2024.xlsx,"Oct, 2024",9,2024-10,NSF007,Bayzid Hasan,1.00,,,,,,,,,,,,,,FFFFFFFF,FFFFFFFF,DUE_OR_UNPAID_REVIEW,PENDING_RECONCILIATION
Month_October_2024.xlsx,"Oct, 2024",10,2024-10,NSF008,Munzur Rahman Munib,1.00,530.00,530.00,2024-10-16T00:00:00,Bkash,bKash,Moin,,10.00,10.00,,,,Sept Penalty fee 10 tk due (half). October Penalty paid.,FFFFFF00,FFFFFF00,PAYMENT_CANDIDATE,PENDING_RECONCILIATION
Month_October_2024.xlsx,"Oct, 2024",11,2024-10,NSF009,Mizanur Rahman,1.00,500.00,500.00,2024-10-07T00:00:00,Bkash,bKash,Moin,,0.00,0.00,,,,,00000000,00000000,PAYMENT_CANDIDATE,PENDING_RECONCILIATION
Month_October_2024.xlsx,"Oct, 2024",12,2024-10,NSF010,H. M Mahmudul Hasan,1.00,500.00,500.00,2024-10-02T00:00:00,Bkash,bKash,Moin,,0.00,0.00,,,,,00000000,00000000,PAYMENT_CANDIDATE,PENDING_RECONCILIATION
Month_October_2024.xlsx,"Oct, 2024",13,2024-10,NSF011,Shoaib Ali,2.00,1000.00,1000.00,2024-10-13T00:00:00,Nagad,Nagad,samrat,,,,,,,,00000000,00000000,PAYMENT_CANDIDATE,PENDING_RECONCILIATION
Month_October_2024.xlsx,"Oct, 2024",14,2024-10,NSF012,Rakib Talukder,2.00,3100.00,3100.00,2024-10-15T00:00:00,Bkash,bKash,samrat,,0.00,100.00,,,,Paid all dues. His current Balance 30 tk.,00000000,00000000,PAYMENT_CANDIDATE,PENDING_RECONCILIATION
Month_October_2024.xlsx,"Oct, 2024",15,2024-10,NSF013,H. M Ali Hossain,2.00,1000.00,1000.00,2024-10-17T00:00:00,Bkash,bKash,Moin,,40.00,40.00,,,,Due October penalty,FFFFFF00,FFFFFF00,PAYMENT_CANDIDATE,PENDING_RECONCILIATION
Month_October_2024.xlsx,"Oct, 2024",16,2024-10,NSF014,MD. Mustafizur Rahman Kollol,6.00,3000.00,3000.00,2024-10-05T00:00:00,Bank,Bank,Moin,,0.00,0.00,,,,,00000000,00000000,PAYMENT_CANDIDATE,PENDING_RECONCILIATION
Month_October_2024.xlsx,"Oct, 2024",17,2024-10,NSF015,Kawsar Ullah,1.00,,,,,,,,2060.00,60.00,,,,Due July-Oct with penalty. No penalty for aug,FFFFFF00,FFFFFF00,DUE_OR_UNPAID_REVIEW,PENDING_RECONCILIATION
Month_October_2024.xlsx,"Oct, 2024",18,2024-10,NSF016,Arifur Rahman -Patuakhali,1.00,,,,,,,,520.00,20.00,,,,Due Oct payment,FFFFFFFF,00000000,DUE_OR_UNPAID_REVIEW,PENDING_RECONCILIATION
Month_October_2024.xlsx,"Oct, 2024",19,2024-10,NSF017,Mamun Mridha,4.00,2000.00,2000.00,2024-10-10T00:00:00,Nagad,Nagad,samrat,,,,,,,,FFFFFFFF,FFFFFFFF,PAYMENT_CANDIDATE,PENDING_RECONCILIATION
Month_October_2024.xlsx,"Oct, 2024",20,2024-10,NSF018,Masum Billah,2.00,1040.00,1040.00,2024-10-07T00:00:00,Bank,Bank,Moin,,0.00,40.00,,,,Paid 40 tk penalty fee. All dues are clear,00000000,00000000,PAYMENT_CANDIDATE,PENDING_RECONCILIATION
Month_October_2024.xlsx,"Oct, 2024",21,2024-10,NSF019,Mamun Al Mahin- Ptk,2.00,1000.00,1000.00,2024-10-14T00:00:00,Bank,Bank,Moin,,40.00,40.00,,,,April penalty unpaid,FFFFFF00,FFFFFF00,PAYMENT_CANDIDATE,PENDING_RECONCILIATION
Month_October_2024.xlsx,"Oct, 2024",22,2024-10,NSF020,Nasim Billah Rafi,1.00,,,,,,,,2600.00,100.00,,,,Due June-Oct payment+May cash out charge. no penalty for aug,FFFFFF00,FFFFFF00,DUE_OR_UNPAID_REVIEW,PENDING_RECONCILIATION
Month_October_2024.xlsx,"Oct, 2024",23,2024-10,NSF021,MD. Tawhid Islam,2.00,1000.00,1000.00,2024-10-10T00:00:00,Nagad,Nagad,samrat,,,,,,,,FFFFFFFF,FFFFFFFF,PAYMENT_CANDIDATE,PENDING_RECONCILIATION
Month_October_2024.xlsx,"Oct, 2024",24,2024-10,NSF022,Mahmudur Rahman Hasib,2.00,,,,,,,,6200.00,200.00,,,,"Due May, June-Oct",FFFFFF00,FFFFFF00,DUE_OR_UNPAID_REVIEW,PENDING_RECONCILIATION
Month_October_2024.xlsx,"Oct, 2024",25,2024-10,NSF023,MD. Abdullah Al Jobair,2.00,,,,,,,,5170.00,160.00,,,,May cash out charge tk 10+ june - oct payment + penalty,FFFFFF00,FFFFFF00,DUE_OR_UNPAID_REVIEW,PENDING_RECONCILIATION
Month_October_2024.xlsx,"Oct, 2024",26,2024-10,NSF024,Arif - Gowranodi,1.00,500.00,500.00,2024-10-06T00:00:00,Bkash,bKash,Moin,,0.00,0.00,,,,,00000000,00000000,PAYMENT_CANDIDATE,PENDING_RECONCILIATION
Month_October_2024.xlsx,"Oct, 2024",27,2024-10,NSF025,Sible Iqbal,2.00,,,,,,,,2150.00,150.00,,,,"Due July, aug penalty+Sept+Oct payment & penalty",FFFFFF00,FFFFFF00,DUE_OR_UNPAID_REVIEW,PENDING_RECONCILIATION
Month_October_2024.xlsx,"Oct, 2024",28,2024-10,NSF026,Shikder Tanim,1.00,520.00,520.00,2024-10-24T00:00:00,Bank,Bank,Moin,,0.00,0.00,,,,,00000000,00000000,PAYMENT_CANDIDATE,PENDING_RECONCILIATION
Month_October_2024.xlsx,"Oct, 2024",29,2024-10,NSF027,Mamun Al Mahin (Khulna),2.00,,,,,,,,5160.00,160.00,,,,Due June - Oct payment,FFFFFF00,FFFFFF00,DUE_OR_UNPAID_REVIEW,PENDING_RECONCILIATION
Month_October_2024.xlsx,"Oct, 2024",30,2024-10,NSF028,Al Amin Sohel Khandaker,2.00,1010.00,1010.00,2024-10-09T00:00:00,Bkash,bKash,Moin,,0.00,0.00,,,,Cash out charge 10 tk paid,00000000,00000000,PAYMENT_CANDIDATE,PENDING_RECONCILIATION
Month_October_2024.xlsx,"Oct, 2024",31,2024-10,NSF029,Hasan Al Emran,1.00,500.00,500.00,2024-10-03T00:00:00,Bank,Bank,Moin,,0.00,0.00,,,,,00000000,00000000,PAYMENT_CANDIDATE,PENDING_RECONCILIATION
Month_October_2024.xlsx,"Oct, 2024",32,2024-10,NSF030,H. M Wali Ullah,2.00,1000.00,1000.00,2024-10-08T00:00:00,Bank,Bank,Moin,,0.00,0.00,,,,,00000000,00000000,PAYMENT_CANDIDATE,PENDING_RECONCILIATION
Month_October_2024.xlsx,"Oct, 2024",33,2024-10,NSF031,Yasin Arafat,1.00,,,,,,,,1040.00,40.00,,,,Due September + october Payment,FFFFFF00,FFFFFF00,DUE_OR_UNPAID_REVIEW,PENDING_RECONCILIATION
Month_October_2024.xlsx,"Oct, 2024",34,2024-10,NSF032,Ahsan Ul Tanvir,2.00,,,,,,,,8280.00,280.00,,,,Due Mar-oct payment. No penalty for aug,FFFFFF00,FFFFFF00,DUE_OR_UNPAID_REVIEW,PENDING_RECONCILIATION
Month_October_2024.xlsx,"Oct, 2024",35,2024-10,NSF033,H. M Sakawat Ullah,2.00,2020.00,2020.00,2024-10-17T00:00:00,Bkash,bKash,Moin,,60.00,80.00,,,,Paid sept+oct. Due tk 60 penalty fee.,FFFFFF00,FFFFFF00,PAYMENT_CANDIDATE,PENDING_RECONCILIATION
Month_October_2024.xlsx,"Oct, 2024",36,2024-10,NSF034,Abu Bakar Rohan,6.00,6240.00,6240.00,2024-10-27T00:00:00,Bkash,bKash,Moin,,15000.00,240.00,,,,He paid Sept+Oct with penalty 240. Due Jan-May Share amounts,00000000,00000000,PAYMENT_CANDIDATE,PENDING_RECONCILIATION
Month_October_2024.xlsx,"Oct, 2024",37,2024-10,NSF035,Mamunur Rashid,1.00,6000.00,6000.00,2024-10-07T00:00:00,Bank,Bank,Moin,,0.00,0.00,,,,Advanced. He joined today & paid January-December-24 at once.,00000000,00000000,PAYMENT_CANDIDATE,PENDING_RECONCILIATION
Month_October_2024.xlsx,"Oct, 2024",38,2024-10,NSF036,,,,,,,,,,,,,,,,FFFFFFFF,FFFFFFFF,DUE_OR_UNPAID_REVIEW,PENDING_RECONCILIATION
Month_October_2024.xlsx,"Oct, 2024",39,2024-10,NSF037,,,,,,,,,,,,,,,,00000000,00000000,DUE_OR_UNPAID_REVIEW,PENDING_RECONCILIATION
Month_October_2024.xlsx,"Oct, 2024",40,2024-10,NSF038,,,,,,,,,,,,,,,,00000000,00000000,DUE_OR_UNPAID_REVIEW,PENDING_RECONCILIATION
Month_October_2024.xlsx,"Oct, 2024",41,2024-10,NSF039,,,,,,,,,,,,,,,,00000000,00000000,DUE_OR_UNPAID_REVIEW,PENDING_RECONCILIATION
Month_October_2024.xlsx,"Oct, 2024",42,2024-10,NSF040,,,,,,,,,,,,,,,,00000000,00000000,DUE_OR_UNPAID_REVIEW,PENDING_RECONCILIATION
Month_October_2024.xlsx,"Oct, 2024",43,2024-10,NSF041,,,,,,,,,,,,,,,,00000000,00000000,DUE_OR_UNPAID_REVIEW,PENDING_RECONCILIATION
Month_October_2024.xlsx,"Oct, 2024",44,2024-10,NSF042,,,,,,,,,,,,,,,,00000000,00000000,DUE_OR_UNPAID_REVIEW,PENDING_RECONCILIATION
Month_October_2024.xlsx,"Oct, 2024",45,2024-10,NSF043,,,,,,,,,,,,,,,,00000000,00000000,DUE_OR_UNPAID_REVIEW,PENDING_RECONCILIATION
Month_October_2024.xlsx,"Oct, 2024",46,2024-10,NSF044,,,,,,,,,,,,,,,,00000000,00000000,DUE_OR_UNPAID_REVIEW,PENDING_RECONCILIATION
Month_October_2024.xlsx,"Oct, 2024",47,2024-10,NSF045,,,,,,,,,,,,,,,,00000000,00000000,DUE_OR_UNPAID_REVIEW,PENDING_RECONCILIATION
Month_October_2024.xlsx,"Oct, 2024",48,2024-10,NSF046,,,,,,,,,,,,,,,,00000000,00000000,DUE_OR_UNPAID_REVIEW,PENDING_RECONCILIATION
Month_September_2024.xlsx,"Sept, 2024",3,2024-09,NSF001,Salah Uddin Shuvo -Director,5.00,2600.00,2600.00,2024-09-18T00:00:00,Bank,Bank,Moin,,0.00,100.00,,,,Penalty 100 tk paid for this month,00000000,00000000,PAYMENT_CANDIDATE,PENDING_RECONCILIATION
Month_September_2024.xlsx,"Sept, 2024",4,2024-09,NSF002,Safiqul Islam -President,3.00,1500.00,1500.00,2024-09-04T00:00:00,Bank,Bank,Moin,,0.00,0.00,,,,,00000000,00000000,PAYMENT_CANDIDATE,PENDING_RECONCILIATION
Month_September_2024.xlsx,"Sept, 2024",5,2024-09,NSF003,Moin Uddin -Accountant,2.00,1000.00,1000.00,2024-09-05T00:00:00,Bank,Bank,Moin,,0.00,0.00,,,,,00000000,00000000,PAYMENT_CANDIDATE,PENDING_RECONCILIATION
Month_September_2024.xlsx,"Sept, 2024",6,2024-09,NSF004,Nurul Amin Samrat -Asst. Acc,4.00,2000.00,2000.00,2024-09-15T00:00:00,nagad,Nagad,Samrat,,0.00,0.00,,,,,FFFFFFFF,FFFFFFFF,PAYMENT_CANDIDATE,PENDING_RECONCILIATION
Month_September_2024.xlsx,"Sept, 2024",7,2024-09,NSF005,Nayem Islam -GS,2.00,3070.00,3070.00,2024-09-18T00:00:00,Bkash,bKash,Moin,,0.00,70.00,,,30.00,Aug+Sept+Oct paid with penalty 40 tk for sept. No penalty applied for Aug. October paid in advanced. Balance 30 tk,00000000,00000000,PAYMENT_CANDIDATE,PENDING_RECONCILIATION
Month_September_2024.xlsx,"Sept, 2024",8,2024-09,NSF006,Abdul Hannan Khan -Convener,1.00,,,,,,,,520.00,20.00,,,,Due September payment,FFFFFF00,FFFFFF00,DUE_OR_UNPAID_REVIEW,PENDING_RECONCILIATION
Month_September_2024.xlsx,"Sept, 2024",9,2024-09,NSF007,Bayzid Hasan,1.00,,,,,,,,,,,,,,FFFFFFFF,FFFFFFFF,DUE_OR_UNPAID_REVIEW,PENDING_RECONCILIATION
Month_September_2024.xlsx,"Sept, 2024",10,2024-09,NSF008,Munzur Rahman Munib,1.00,500.00,500.00,2024-09-16T00:00:00,Bkash,bKash,Moin,,20.00,0.00,,,,Due Sept Penalty fee 20 tk,FFFFFF00,FFFFFF00,PAYMENT_CANDIDATE,PENDING_RECONCILIATION
Month_September_2024.xlsx,"Sept, 2024",11,2024-09,NSF009,Mizanur Rahman,1.00,500.00,500.00,2024-09-15T00:00:00,Bkash,bKash,Moin,,0.00,0.00,,,,,00000000,00000000,PAYMENT_CANDIDATE,PENDING_RECONCILIATION
Month_September_2024.xlsx,"Sept, 2024",12,2024-09,NSF010,H. M Mahmudul Hasan,1.00,500.00,500.00,2024-09-03T00:00:00,Bkash,bKash,Moin,,0.00,0.00,,,,,00000000,00000000,PAYMENT_CANDIDATE,PENDING_RECONCILIATION
Month_September_2024.xlsx,"Sept, 2024",13,2024-09,NSF011,Shoaib Ali,2.00,1000.00,1000.00,2024-09-13T00:00:00,Bkash,bKash,Moin,,0.00,0.00,,,,,00000000,00000000,PAYMENT_CANDIDATE,PENDING_RECONCILIATION
Month_September_2024.xlsx,"Sept, 2024",14,2024-09,NSF012,Rakib Talukder,2.00,,,,,,,,2070.00,70.00,,,,30 tk june + 40 tk sept penalty due. No penalty for aug,FFFFFF00,FFFFFF00,DUE_OR_UNPAID_REVIEW,PENDING_RECONCILIATION
Month_September_2024.xlsx,"Sept, 2024",15,2024-09,NSF013,H. M Ali Hossain,2.00,1000.00,1000.00,2024-09-15T00:00:00,bkash,bKash,Samrat,,0.00,0.00,,,,,FFFFFFFF,FFFFFFFF,PAYMENT_CANDIDATE,PENDING_RECONCILIATION
Month_September_2024.xlsx,"Sept, 2024",16,2024-09,NSF014,MD. Mustafizur Rahman Kollol,6.00,3000.00,3000.00,2024-09-12T00:00:00,Bank,Bank,Moin,,0.00,,,,,,FFFFFFFF,00000000,PAYMENT_CANDIDATE,PENDING_RECONCILIATION
Month_September_2024.xlsx,"Sept, 2024",17,2024-09,NSF015,Kawsar Ullah,1.00,,,,,,,,1540.00,40.00,,,,July+Aug+Sept with penlty due. No penalty for aug,FFFFFF00,FFFFFF00,DUE_OR_UNPAID_REVIEW,PENDING_RECONCILIATION
Month_September_2024.xlsx,"Sept, 2024",18,2024-09,NSF016,Arifur Rahman -Patuakhali,1.00,1000.00,1000.00,2024-09-12T00:00:00,Bank,Bank,Moin,,0.00,0.00,,,,Aug+Sept paid,00000000,00000000,PAYMENT_CANDIDATE,PENDING_RECONCILIATION
Month_September_2024.xlsx,"Sept, 2024",19,2024-09,NSF017,Mamun Mridha,4.00,2000.00,2000.00,2024-09-15T00:00:00,nagad,Nagad,Samrat,,0.00,0.00,,,,,FFFFFFFF,FFFFFFFF,PAYMENT_CANDIDATE,PENDING_RECONCILIATION
Month_September_2024.xlsx,"Sept, 2024",20,2024-09,NSF018,Masum Billah,2.00,1000.00,1000.00,2024-09-10T00:00:00,Bank,Bank,Moin,,40.00,40.00,,,,April penalty unpaid,FFFFFF00,FFFFFF00,PAYMENT_CANDIDATE,PENDING_RECONCILIATION
Month_September_2024.xlsx,"Sept, 2024",21,2024-09,NSF019,Mamun Al Mahin- Ptk,2.00,1000.00,1000.00,2024-09-10T00:00:00,Bank,Bank,Moin,,40.00,40.00,,,,April penalty unpaid,FFFFFF00,FFFFFF00,PAYMENT_CANDIDATE,PENDING_RECONCILIATION
Month_September_2024.xlsx,"Sept, 2024",22,2024-09,NSF020,Nasim Billah Rafi,1.00,,,,,,,,2080.00,80.00,,,,Due June + July + Aug + Sept. May cash out charge,FFFFFF00,FFFFFF00,DUE_OR_UNPAID_REVIEW,PENDING_RECONCILIATION
Month_September_2024.xlsx,"Sept, 2024",23,2024-09,NSF021,MD. Tawhid Islam,2.00,2040.00,2040.00,2024-09-20T00:00:00,bkash,bKash,Samrat,,0.00,40.00,,,,Penalty 40 tk paid,00000000,00000000,PAYMENT_CANDIDATE,PENDING_RECONCILIATION
Month_September_2024.xlsx,"Sept, 2024",24,2024-09,NSF022,Mahmudur Rahman Hasib,2.00,,,,,,,,5160.00,160.00,,,,"May, June, July, Aug & Sept unpaid",FFFFFF00,FFFFFF00,DUE_OR_UNPAID_REVIEW,PENDING_RECONCILIATION
Month_September_2024.xlsx,"Sept, 2024",25,2024-09,NSF023,MD. Abdullah Al Jobair,2.00,,,,,,,,4130.00,120.00,,,,May cash out charge tk 10+ june +july +Aug+Sept payment + penalty. no penalty for aug for all,FFFFFF00,FFFFFF00,DUE_OR_UNPAID_REVIEW,PENDING_RECONCILIATION
Month_September_2024.xlsx,"Sept, 2024",26,2024-09,NSF024,Arif - Gowranodi,1.00,500.00,500.00,2024-09-08T00:00:00,Bkash,bKash,Moin,,0.00,0.00,,,,,00000000,00000000,PAYMENT_CANDIDATE,PENDING_RECONCILIATION
Month_September_2024.xlsx,"Sept, 2024",27,2024-09,NSF025,Sible Iqbal,2.00,,,,,,,,1110.00,110.00,,,,"Due July, aug penalty+Sept payment & penalty",FFFFFF00,FFFFFF00,DUE_OR_UNPAID_REVIEW,PENDING_RECONCILIATION
Month_September_2024.xlsx,"Sept, 2024",28,2024-09,NSF026,Shikder Tanim,1.00,500.00,500.00,2024-09-15T00:00:00,Bank,Bank,Moin,,0.00,0.00,,,,,00000000,00000000,PAYMENT_CANDIDATE,PENDING_RECONCILIATION
Month_September_2024.xlsx,"Sept, 2024",29,2024-09,NSF027,Mamun Al Mahin (Khulna),2.00,,,,,,,,4120.00,120.00,,,,Due June + July + August + September payment. No penalty for aug,FFFFFF00,FFFFFF00,DUE_OR_UNPAID_REVIEW,PENDING_RECONCILIATION
Month_September_2024.xlsx,"Sept, 2024",30,2024-09,NSF028,Al Amin Sohel Khandaker,2.00,1000.00,1000.00,2024-09-08T00:00:00,Bkash,bKash,Moin,,10.00,0.00,,,,Cash out charge 10 tk due,FFFFFF00,FFFFFF00,PAYMENT_CANDIDATE,PENDING_RECONCILIATION
Month_September_2024.xlsx,"Sept, 2024",31,2024-09,NSF029,Hasan Al Emran,1.00,500.00,500.00,2024-09-09T00:00:00,Bank,Bank,Moin,,0.00,0.00,,,,,00000000,00000000,PAYMENT_CANDIDATE,PENDING_RECONCILIATION
Month_September_2024.xlsx,"Sept, 2024",32,2024-09,NSF030,H. M Wali Ullah,2.00,1000.00,1000.00,2024-09-14T00:00:00,Bank,Bank,Moin,,0.00,0.00,,,,,00000000,00000000,PAYMENT_CANDIDATE,PENDING_RECONCILIATION
Month_September_2024.xlsx,"Sept, 2024",33,2024-09,NSF031,Yasin Arafat,1.00,,,,,,,,520.00,20.00,,,,Due September Payment,FFFFFF00,FFFFFF00,DUE_OR_UNPAID_REVIEW,PENDING_RECONCILIATION
Month_September_2024.xlsx,"Sept, 2024",34,2024-09,NSF032,Ahsan Ul Tanvir,2.00,,,,,,,,7240.00,240.00,,,,Due Mar-sept payment. No penalty for aug,FFFFFF00,FFFFFF00,DUE_OR_UNPAID_REVIEW,PENDING_RECONCILIATION
Month_September_2024.xlsx,"Sept, 2024",35,2024-09,NSF033,H. M Sakawat Ullah,2.00,,,,,,,,1040.00,40.00,,,,Due September payments,FFFFFF00,FFFFFF00,DUE_OR_UNPAID_REVIEW,PENDING_RECONCILIATION
Month_September_2024.xlsx,"Sept, 2024",36,2024-09,NSF034,Abu Bakar Rohan,6.00,,,,,,,,18040.00,40.00,,,,Due Jan-May payments+ September payment,FFFFFF00,FFFFFF00,DUE_OR_UNPAID_REVIEW,PENDING_RECONCILIATION
Month_September_2024.xlsx,"Sept, 2024",37,2024-09,NSF035,Mamunur Rashid,1.00,,,,,,,,,,,,,,FFFFFFFF,FFFFFFFF,DUE_OR_UNPAID_REVIEW,PENDING_RECONCILIATION
Month_September_2024.xlsx,"Sept, 2024",38,2024-09,NSF036,,,,,,,,,,,,,,,,FFFFFFFF,FFFFFFFF,DUE_OR_UNPAID_REVIEW,PENDING_RECONCILIATION
Month_September_2024.xlsx,"Sept, 2024",39,2024-09,NSF037,,,,,,,,,,,,,,,,00000000,00000000,DUE_OR_UNPAID_REVIEW,PENDING_RECONCILIATION
Month_September_2024.xlsx,"Sept, 2024",40,2024-09,NSF038,,,,,,,,,,,,,,,,00000000,00000000,DUE_OR_UNPAID_REVIEW,PENDING_RECONCILIATION
Month_September_2024.xlsx,"Sept, 2024",41,2024-09,NSF039,,,,,,,,,,,,,,,,00000000,00000000,DUE_OR_UNPAID_REVIEW,PENDING_RECONCILIATION
Month_September_2024.xlsx,"Sept, 2024",42,2024-09,NSF040,,,,,,,,,,,,,,,,00000000,00000000,DUE_OR_UNPAID_REVIEW,PENDING_RECONCILIATION
Month_September_2024.xlsx,"Sept, 2024",43,2024-09,NSF041,,,,,,,,,,,,,,,,00000000,00000000,DUE_OR_UNPAID_REVIEW,PENDING_RECONCILIATION
Month_September_2024.xlsx,"Sept, 2024",44,2024-09,NSF042,,,,,,,,,,,,,,,,00000000,00000000,DUE_OR_UNPAID_REVIEW,PENDING_RECONCILIATION
Month_September_2024.xlsx,"Sept, 2024",45,2024-09,NSF043,,,,,,,,,,,,,,,,00000000,00000000,DUE_OR_UNPAID_REVIEW,PENDING_RECONCILIATION
Month_September_2024.xlsx,"Sept, 2024",46,2024-09,NSF044,,,,,,,,,,,,,,,,00000000,00000000,DUE_OR_UNPAID_REVIEW,PENDING_RECONCILIATION
Month_September_2024.xlsx,"Sept, 2024",47,2024-09,NSF045,,,,,,,,,,,,,,,,00000000,00000000,DUE_OR_UNPAID_REVIEW,PENDING_RECONCILIATION
Month_September_2024.xlsx,"Sept, 2024",48,2024-09,NSF046,,,,,,,,,,,,,,,,00000000,00000000,DUE_OR_UNPAID_REVIEW,PENDING_RECONCILIATION
NS Foundation April-2025.xlsx,April 25,3,2025-04,NSF001,Salah Uddin Shuvo -Director,5.00,2500.00,2500.00,2025-04-13T00:00:00,Bank,Bank,Moin,#REF!,#REF!,0.00,,,0.00,,FFB6D7A8,00000000,PAYMENT_CANDIDATE,PENDING_RECONCILIATION
NS Foundation April-2025.xlsx,April 25,4,2025-04,NSF002,Safiqul Islam -President,3.00,1500.00,1500.00,2025-04-06T00:00:00,Bank,Bank,Moin,,0.00,0.00,,,,,FFB6D7A8,00000000,PAYMENT_CANDIDATE,PENDING_RECONCILIATION
NS Foundation April-2025.xlsx,April 25,5,2025-04,NSF003,Moin Uddin -Accountant,2.00,1000.00,,,Select,,Select,,1080.00,80.00,,,,,FFB6D7A8,00000000,DUE_OR_UNPAID_REVIEW,PENDING_RECONCILIATION
NS Foundation April-2025.xlsx,April 25,6,2025-04,NSF004,Nurul Amin Samrat -Asst. Acc,4.00,2000.00,2000.00,2025-03-13T00:00:00,Nagad,Nagad,Samrat,,0.00,0.00,,,,,FFB6D7A8,00000000,PAYMENT_CANDIDATE,PENDING_RECONCILIATION
NS Foundation April-2025.xlsx,April 25,7,2025-04,NSF005,Nayem Islam -GS,2.00,1000.00,4000.00,2025-04-18T00:00:00,Bkash,bKash,Moin,,80.00,80.00,,80.00,,,FFFFFFFF,00000000,PAYMENT_CANDIDATE,PENDING_RECONCILIATION
NS Foundation April-2025.xlsx,April 25,8,2025-04,NSF006,Abdul Hannan Khan -Convener,1.00,500.00,,,Select,,Select,,540.00,40.00,,10.00,,,FFB6D7A8,00000000,DUE_OR_UNPAID_REVIEW,PENDING_RECONCILIATION
NS Foundation April-2025.xlsx,April 25,9,2025-04,NSF007,Bayzid Hasan,1.00,500.00,,,Select,,Select,,540.00,40.00,,,,,FFFF0000,00000000,DUE_OR_UNPAID_REVIEW,PENDING_RECONCILIATION
NS Foundation April-2025.xlsx,April 25,10,2025-04,NSF008,Munzur Rahman Munib,1.00,500.00,,,Select,,Select,,540.00,40.00,,10.00,,,FFB6D7A8,00000000,DUE_OR_UNPAID_REVIEW,PENDING_RECONCILIATION
NS Foundation April-2025.xlsx,April 25,11,2025-04,NSF009,Mizanur Rahman,2.00,1000.00,,,Select,,Select,,1080.00,80.00,,10.00,,,FFB6D7A8,00000000,DUE_OR_UNPAID_REVIEW,PENDING_RECONCILIATION
NS Foundation April-2025.xlsx,April 25,12,2025-04,NSF010,H. M Mahmudul Hasan,1.00,500.00,500.00,2025-03-06T00:00:00,Bkash,bKash,Moin,,0.00,0.00,,,,,FFB6D7A8,00000000,PAYMENT_CANDIDATE,PENDING_RECONCILIATION
NS Foundation April-2025.xlsx,April 25,13,2025-04,NSF011,Shoaib Ali,2.00,1000.00,1000.00,2025-03-11T00:00:00,Bkash,bKash,Moin,,0.00,0.00,,,,,FFFFFFFF,00000000,PAYMENT_CANDIDATE,PENDING_RECONCILIATION
NS Foundation April-2025.xlsx,April 25,14,2025-04,NSF012,Rakib Talukder,2.00,1000.00,1000.00,2025-03-13T00:00:00,Nagad,Nagad,Samrat,,0.00,0.00,,,,,FFB6D7A8,00000000,PAYMENT_CANDIDATE,PENDING_RECONCILIATION
NS Foundation April-2025.xlsx,April 25,15,2025-04,NSF013,H. M Ali Hossain,2.00,1000.00,,,Select,,Select,,1040.00,40.00,40.00,40.00,,,FFB6D7A8,00000000,DUE_OR_UNPAID_REVIEW,PENDING_RECONCILIATION
NS Foundation April-2025.xlsx,April 25,16,2025-04,NSF014,MD. Mustafizur Rahman Kollol,6.00,3000.00,,,Select,,Select,,3240.00,240.00,,,,,FFB6D7A8,00000000,DUE_OR_UNPAID_REVIEW,PENDING_RECONCILIATION
NS Foundation April-2025.xlsx,April 25,17,2025-04,NSF015,Kawsar Ullah,1.00,500.00,500.00,2025-03-05T00:00:00,Select,,Select,,0.00,0.00,10.00,,,,FFB6D7A8,00000000,PAYMENT_CANDIDATE,PENDING_RECONCILIATION
NS Foundation April-2025.xlsx,April 25,18,2025-04,NSF016,Arifur Rahman -Patuakhali,1.00,500.00,,,Select,,Select,,540.00,40.00,,,,,FFB6D7A8,00000000,DUE_OR_UNPAID_REVIEW,PENDING_RECONCILIATION
NS Foundation April-2025.xlsx,April 25,19,2025-04,NSF017,Mamun Mridha,4.00,2000.00,2000.00,2025-03-13T00:00:00,Nagad,Nagad,Samrat,,0.00,0.00,,,,,FFB6D7A8,00000000,PAYMENT_CANDIDATE,PENDING_RECONCILIATION
NS Foundation April-2025.xlsx,April 25,20,2025-04,NSF018,Masum Billah,2.00,1000.00,,,Select,,Select,,1080.00,80.00,,,,,FFB6D7A8,00000000,DUE_OR_UNPAID_REVIEW,PENDING_RECONCILIATION
NS Foundation April-2025.xlsx,April 25,21,2025-04,NSF019,Mamun Al Mahin- Ptk,2.00,1000.00,,,Select,,Select,,1080.00,80.00,,,,,FFB6D7A8,00000000,DUE_OR_UNPAID_REVIEW,PENDING_RECONCILIATION
NS Foundation April-2025.xlsx,April 25,22,2025-04,NSF020,Nasim Billah Rafi,1.00,500.00,,,Select,,Select,,540.00,40.00,,,,,FFB6D7A8,00000000,DUE_OR_UNPAID_REVIEW,PENDING_RECONCILIATION
NS Foundation April-2025.xlsx,April 25,23,2025-04,NSF021,MD. Tawhid Islam,2.00,1000.00,,,Select,,Select,,1080.00,80.00,,,,,FFB6D7A8,00000000,DUE_OR_UNPAID_REVIEW,PENDING_RECONCILIATION
NS Foundation April-2025.xlsx,April 25,24,2025-04,NSF022,Mahmudur Rahman Hasib,2.00,1000.00,,,Select,,Select,,1080.00,80.00,,,,,FFB6D7A8,00000000,DUE_OR_UNPAID_REVIEW,PENDING_RECONCILIATION
NS Foundation April-2025.xlsx,April 25,25,2025-04,NSF023,MD. Abdullah Al Jobair,1.00,500.00,,,Select,,Select,,540.00,40.00,,,,,FFB6D7A8,00000000,DUE_OR_UNPAID_REVIEW,PENDING_RECONCILIATION
NS Foundation April-2025.xlsx,April 25,26,2025-04,NSF024,Arif - Gowranodi,1.00,500.00,500.00,2025-03-05T00:00:00,Bkash,bKash,Moin,,0.00,0.00,,,,,FFB6D7A8,00000000,PAYMENT_CANDIDATE,PENDING_RECONCILIATION
NS Foundation April-2025.xlsx,April 25,27,2025-04,NSF025,Sible Iqbal,2.00,1000.00,7350.00,2025-03-15T00:00:00,Bank,Bank,Moin,,0.00,0.00,,,,,FFB6D7A8,00000000,PAYMENT_CANDIDATE,PENDING_RECONCILIATION
NS Foundation April-2025.xlsx,April 25,28,2025-04,NSF026,Shikder Tanim,1.00,500.00,,,Select,,Select,,540.00,40.00,,,,,FFB6D7A8,00000000,DUE_OR_UNPAID_REVIEW,PENDING_RECONCILIATION
NS Foundation April-2025.xlsx,April 25,29,2025-04,NSF027,Mamun Al Mahin (Khulna),1.00,500.00,500.00,2025-03-11T00:00:00,Bkash,bKash,Moin,,0.00,0.00,,,,,FFB6D7A8,00000000,PAYMENT_CANDIDATE,PENDING_RECONCILIATION
NS Foundation April-2025.xlsx,April 25,30,2025-04,NSF028,Al Amin Sohel Khandaker,2.00,1000.00,,,Select,,Select,,1080.00,80.00,,,,,FFB6D7A8,00000000,DUE_OR_UNPAID_REVIEW,PENDING_RECONCILIATION
NS Foundation April-2025.xlsx,April 25,31,2025-04,NSF029,Hasan Al Emran,1.00,500.00,1000.00,2025-03-05T00:00:00,Bank,Bank,Moin,,0.00,0.00,,,,Advanced Paid for February,FFB6D7A8,00000000,PAYMENT_CANDIDATE,PENDING_RECONCILIATION
NS Foundation April-2025.xlsx,April 25,32,2025-04,NSF030,H. M Wali Ullah,2.00,1000.00,1000.00,2025-03-04T00:00:00,Bank,Bank,Moin,,0.00,0.00,,,,,FFB6D7A8,00000000,PAYMENT_CANDIDATE,PENDING_RECONCILIATION
NS Foundation April-2025.xlsx,April 25,33,2025-04,NSF031,Yasin Arafat,1.00,500.00,,,Select,,Select,,540.00,40.00,,,,,FFB6D7A8,00000000,DUE_OR_UNPAID_REVIEW,PENDING_RECONCILIATION
NS Foundation April-2025.xlsx,April 25,34,2025-04,NSF032,Ahsan Ul Tanvir,2.00,1000.00,,,Select,,Select,,1080.00,80.00,,,,,FFB6D7A8,00000000,DUE_OR_UNPAID_REVIEW,PENDING_RECONCILIATION
NS Foundation April-2025.xlsx,April 25,35,2025-04,NSF033,H. M Sakawat Ullah,2.00,1000.00,,,Select,,Select,,1040.00,40.00,40.00,40.00,,,FFB6D7A8,00000000,DUE_OR_UNPAID_REVIEW,PENDING_RECONCILIATION
NS Foundation April-2025.xlsx,April 25,36,2025-04,NSF034,Abu Bakar Rohan,4.00,2000.00,2000.00,2025-03-13T00:00:00,Bkash,bKash,Moin,,0.00,0.00,,40.00,,,FFB6D7A8,00000000,PAYMENT_CANDIDATE,PENDING_RECONCILIATION
NS Foundation April-2025.xlsx,April 25,37,2025-04,NSF035,Mamunur Rashid,1.00,500.00,,,Select,,Select,,540.00,40.00,,,,Advanced Paid for Jan-Dec 2025. Jan penalty given waiver for advanced payment,FFB6D7A8,00000000,DUE_OR_UNPAID_REVIEW,PENDING_RECONCILIATION
NS Foundation February-2025.xlsx,February 25,3,2025-02,NSF001,Salah Uddin Shuvo -Director,5.00,2500.00,2500.00,2025-02-06T00:00:00,Bank,Bank,Moin,#REF!,#REF!,0.00,,,0.00,,FFB6D7A8,00000000,PAYMENT_CANDIDATE,PENDING_RECONCILIATION
NS Foundation February-2025.xlsx,February 25,4,2025-02,NSF002,Safiqul Islam -President,3.00,1500.00,1500.00,2025-02-03T00:00:00,Bank,Bank,Moin,,0.00,0.00,,,,,FFB6D7A8,00000000,PAYMENT_CANDIDATE,PENDING_RECONCILIATION
NS Foundation February-2025.xlsx,February 25,5,2025-02,NSF003,Moin Uddin -Accountant,2.00,1000.00,1000.00,2025-02-03T00:00:00,Bank,Bank,Moin,,0.00,0.00,,,,,FFB6D7A8,00000000,PAYMENT_CANDIDATE,PENDING_RECONCILIATION
NS Foundation February-2025.xlsx,February 25,6,2025-02,NSF004,Nurul Amin Samrat -Asst. Acc,4.00,2000.00,2000.00,2025-02-10T00:00:00,Bkash,bKash,Samrat,,0.00,0.00,,,,,FFB6D7A8,00000000,PAYMENT_CANDIDATE,PENDING_RECONCILIATION
NS Foundation February-2025.xlsx,February 25,7,2025-02,NSF005,Nayem Islam -GS,2.00,1000.00,,,Select,,Select,,1080.00,80.00,,,,,FFFFFFFF,00000000,DUE_OR_UNPAID_REVIEW,PENDING_RECONCILIATION
NS Foundation February-2025.xlsx,February 25,8,2025-02,NSF006,Abdul Hannan Khan -Convener,1.00,500.00,500.00,2025-02-10T00:00:00,Bkash,bKash,Moin,,0.00,0.00,,10.00,,,FFB6D7A8,00000000,PAYMENT_CANDIDATE,PENDING_RECONCILIATION
NS Foundation February-2025.xlsx,February 25,9,2025-02,NSF007,Bayzid Hasan,1.00,500.00,,,Select,,Select,,540.00,40.00,,,,,FFFF0000,FFFF0000,DUE_OR_UNPAID_REVIEW,PENDING_RECONCILIATION
NS Foundation February-2025.xlsx,February 25,10,2025-02,NSF008,Munzur Rahman Munib,1.00,500.00,500.00,2025-02-15T00:00:00,Bkash,bKash,Moin,,0.00,0.00,,10.00,,,FFB6D7A8,00000000,PAYMENT_CANDIDATE,PENDING_RECONCILIATION
NS Foundation February-2025.xlsx,February 25,11,2025-02,NSF009,Mizanur Rahman,2.00,1000.00,1000.00,2025-02-13T00:00:00,Bkash,bKash,Moin,,0.00,0.00,,10.00,,,FFB6D7A8,00000000,PAYMENT_CANDIDATE,PENDING_RECONCILIATION
NS Foundation February-2025.xlsx,February 25,12,2025-02,NSF010,H. M Mahmudul Hasan,1.00,500.00,500.00,2025-02-12T00:00:00,Bkash,bKash,Moin,,0.00,0.00,,,,,FFB6D7A8,00000000,PAYMENT_CANDIDATE,PENDING_RECONCILIATION
NS Foundation February-2025.xlsx,February 25,13,2025-02,NSF011,Shoaib Ali,2.00,1000.00,1000.00,2025-02-13T00:00:00,Bkash,bKash,Moin,,0.00,0.00,,,,,FFFF0000,FFFF0000,PAYMENT_CANDIDATE,PENDING_RECONCILIATION
NS Foundation February-2025.xlsx,February 25,14,2025-02,NSF012,Rakib Talukder,2.00,1000.00,1000.00,2025-02-13T00:00:00,Nagad,Nagad,Samrat,,0.00,0.00,,,,,FFB6D7A8,00000000,PAYMENT_CANDIDATE,PENDING_RECONCILIATION
NS Foundation February-2025.xlsx,February 25,15,2025-02,NSF013,H. M Ali Hossain,2.00,1000.00,2000.00,2025-02-13T00:00:00,Bkash,bKash,Moin,,0.00,0.00,40.00,40.00,,,FFB6D7A8,00000000,PAYMENT_CANDIDATE,PENDING_RECONCILIATION
NS Foundation February-2025.xlsx,February 25,16,2025-02,NSF014,MD. Mustafizur Rahman Kollol,6.00,3000.00,3000.00,2025-02-04T00:00:00,Bank,Bank,Moin,,0.00,0.00,,,,,FFB6D7A8,00000000,PAYMENT_CANDIDATE,PENDING_RECONCILIATION
NS Foundation February-2025.xlsx,February 25,17,2025-02,NSF015,Kawsar Ullah,1.00,500.00,1000.00,2025-02-01T00:00:00,Bkash,bKash,Samrat,,0.00,0.00,10.00,,,,FFB6D7A8,00000000,PAYMENT_CANDIDATE,PENDING_RECONCILIATION
NS Foundation February-2025.xlsx,February 25,18,2025-02,NSF016,Arifur Rahman -Patuakhali,1.00,500.00,500.00,2025-02-18T00:00:00,Bank,Bank,Moin,,40.00,40.00,,,,,FFB6D7A8,00000000,PAYMENT_CANDIDATE,PENDING_RECONCILIATION
NS Foundation February-2025.xlsx,February 25,19,2025-02,NSF017,Mamun Mridha,4.00,2000.00,2000.00,2025-02-11T00:00:00,Nagad,Nagad,Samrat,,0.00,0.00,,,,,FFB6D7A8,00000000,PAYMENT_CANDIDATE,PENDING_RECONCILIATION
NS Foundation February-2025.xlsx,February 25,20,2025-02,NSF018,Masum Billah,2.00,1000.00,1000.00,2025-02-09T00:00:00,Bank,Bank,Moin,,0.00,0.00,,,,,FFB6D7A8,00000000,PAYMENT_CANDIDATE,PENDING_RECONCILIATION
NS Foundation February-2025.xlsx,February 25,21,2025-02,NSF019,Mamun Al Mahin- Ptk,2.00,1000.00,1000.00,2025-02-13T00:00:00,Bank,Bank,Moin,,0.00,0.00,,,,,FFB6D7A8,00000000,PAYMENT_CANDIDATE,PENDING_RECONCILIATION
NS Foundation February-2025.xlsx,February 25,22,2025-02,NSF020,Nasim Billah Rafi,1.00,500.00,,,Select,,Select,,540.00,40.00,,,,,FFB6D7A8,00000000,DUE_OR_UNPAID_REVIEW,PENDING_RECONCILIATION
NS Foundation February-2025.xlsx,February 25,23,2025-02,NSF021,MD. Tawhid Islam,2.00,1000.00,1000.00,2025-02-10T00:00:00,Bkash,bKash,Samrat,,0.00,0.00,,,,,FFB6D7A8,00000000,PAYMENT_CANDIDATE,PENDING_RECONCILIATION
NS Foundation February-2025.xlsx,February 25,24,2025-02,NSF022,Mahmudur Rahman Hasib,2.00,1000.00,,,Select,,Select,,1080.00,80.00,,,,,FFB6D7A8,00000000,DUE_OR_UNPAID_REVIEW,PENDING_RECONCILIATION
NS Foundation February-2025.xlsx,February 25,25,2025-02,NSF023,MD. Abdullah Al Jobair,1.00,500.00,,,Select,,Select,,540.00,40.00,,,,,FFB6D7A8,00000000,DUE_OR_UNPAID_REVIEW,PENDING_RECONCILIATION
NS Foundation February-2025.xlsx,February 25,26,2025-02,NSF024,Arif - Gowranodi,1.00,500.00,,,Select,,Select,,540.00,40.00,,,,,FFB6D7A8,00000000,DUE_OR_UNPAID_REVIEW,PENDING_RECONCILIATION
NS Foundation February-2025.xlsx,February 25,27,2025-02,NSF025,Sible Iqbal,2.00,1000.00,,,Select,,Select,,1080.00,80.00,,,,,FFB6D7A8,00000000,DUE_OR_UNPAID_REVIEW,PENDING_RECONCILIATION
NS Foundation February-2025.xlsx,February 25,28,2025-02,NSF026,Shikder Tanim,1.00,500.00,,,Select,,Select,,540.00,40.00,,,,,FFB6D7A8,00000000,DUE_OR_UNPAID_REVIEW,PENDING_RECONCILIATION
NS Foundation February-2025.xlsx,February 25,29,2025-02,NSF027,Mamun Al Mahin (Khulna),1.00,500.00,,,Select,,Select,,540.00,40.00,,,,,FFB6D7A8,00000000,DUE_OR_UNPAID_REVIEW,PENDING_RECONCILIATION
NS Foundation February-2025.xlsx,February 25,30,2025-02,NSF028,Al Amin Sohel Khandaker,2.00,1000.00,,,Select,,Select,,1080.00,80.00,,,,,FFB6D7A8,00000000,DUE_OR_UNPAID_REVIEW,PENDING_RECONCILIATION
NS Foundation February-2025.xlsx,February 25,31,2025-02,NSF029,Hasan Al Emran,1.00,500.00,,,Select,,Select,,540.00,40.00,,,,Advanced Paid for February,FFB6D7A8,00000000,DUE_OR_UNPAID_REVIEW,PENDING_RECONCILIATION
NS Foundation February-2025.xlsx,February 25,32,2025-02,NSF030,H. M Wali Ullah,2.00,1000.00,1000.00,2025-02-04T00:00:00,Bank,Bank,Moin,,0.00,0.00,,,,,FFB6D7A8,00000000,PAYMENT_CANDIDATE,PENDING_RECONCILIATION
NS Foundation February-2025.xlsx,February 25,33,2025-02,NSF031,Yasin Arafat,1.00,500.00,,,Select,,Select,,540.00,40.00,,,,,FFB6D7A8,00000000,DUE_OR_UNPAID_REVIEW,PENDING_RECONCILIATION
NS Foundation February-2025.xlsx,February 25,34,2025-02,NSF032,Ahsan Ul Tanvir,2.00,1000.00,,,Select,,Select,,1080.00,80.00,,,,,FFB6D7A8,00000000,DUE_OR_UNPAID_REVIEW,PENDING_RECONCILIATION
NS Foundation February-2025.xlsx,February 25,35,2025-02,NSF033,H. M Sakawat Ullah,2.00,1000.00,2000.00,2025-02-15T00:00:00,Bkash,bKash,Moin,,0.00,0.00,40.00,40.00,,,FFB6D7A8,00000000,PAYMENT_CANDIDATE,PENDING_RECONCILIATION
NS Foundation February-2025.xlsx,February 25,36,2025-02,NSF034,Abu Bakar Rohan,4.00,2000.00,2000.00,2025-02-15T00:00:00,Bkash,bKash,Moin,,0.00,0.00,,40.00,,,FFB6D7A8,00000000,PAYMENT_CANDIDATE,PENDING_RECONCILIATION
NS Foundation February-2025.xlsx,February 25,37,2025-02,NSF035,Mamunur Rashid,1.00,500.00,,,Select,,Select,,540.00,40.00,,,,Advanced Paid for Jan-Dec 2025. Jan penalty given waiver for advanced payment,FFB6D7A8,00000000,DUE_OR_UNPAID_REVIEW,PENDING_RECONCILIATION
NS Foundation March-2025.xlsx,March 25,3,2025-03,NSF001,Salah Uddin Shuvo -Director,5.00,2500.00,2500.00,2025-03-15T00:00:00,Bank,Bank,Moin,#REF!,#REF!,0.00,,,0.00,,FFB6D7A8,00000000,PAYMENT_CANDIDATE,PENDING_RECONCILIATION
NS Foundation March-2025.xlsx,March 25,4,2025-03,NSF002,Safiqul Islam -President,3.00,1500.00,1500.00,2025-03-03T00:00:00,Bank,Bank,Moin,,0.00,0.00,,,,,FFB6D7A8,00000000,PAYMENT_CANDIDATE,PENDING_RECONCILIATION
NS Foundation March-2025.xlsx,March 25,5,2025-03,NSF003,Moin Uddin -Accountant,2.00,1000.00,,,Select,,Select,,1080.00,80.00,,,,,FFB6D7A8,00000000,DUE_OR_UNPAID_REVIEW,PENDING_RECONCILIATION
NS Foundation March-2025.xlsx,March 25,6,2025-03,NSF004,Nurul Amin Samrat -Asst. Acc,4.00,2000.00,2000.00,2025-03-13T00:00:00,Nagad,Nagad,Samrat,,0.00,0.00,,,,,FFB6D7A8,00000000,PAYMENT_CANDIDATE,PENDING_RECONCILIATION
NS Foundation March-2025.xlsx,March 25,7,2025-03,NSF005,Nayem Islam -GS,2.00,1000.00,,,Select,,Select,,1080.00,80.00,,,,,FFFFFFFF,00000000,DUE_OR_UNPAID_REVIEW,PENDING_RECONCILIATION
NS Foundation March-2025.xlsx,March 25,8,2025-03,NSF006,Abdul Hannan Khan -Convener,1.00,500.00,,,Select,,Select,,540.00,40.00,,10.00,,,FFB6D7A8,00000000,DUE_OR_UNPAID_REVIEW,PENDING_RECONCILIATION
NS Foundation March-2025.xlsx,March 25,9,2025-03,NSF007,Bayzid Hasan,1.00,500.00,,,Select,,Select,,540.00,40.00,,,,,FFFF0000,FFFF0000,DUE_OR_UNPAID_REVIEW,PENDING_RECONCILIATION
NS Foundation March-2025.xlsx,March 25,10,2025-03,NSF008,Munzur Rahman Munib,1.00,500.00,,,Select,,Select,,540.00,40.00,,10.00,,,FFB6D7A8,00000000,DUE_OR_UNPAID_REVIEW,PENDING_RECONCILIATION
NS Foundation March-2025.xlsx,March 25,11,2025-03,NSF009,Mizanur Rahman,2.00,1000.00,,,Select,,Select,,1080.00,80.00,,10.00,,,FFB6D7A8,00000000,DUE_OR_UNPAID_REVIEW,PENDING_RECONCILIATION
NS Foundation March-2025.xlsx,March 25,12,2025-03,NSF010,H. M Mahmudul Hasan,1.00,500.00,500.00,2025-03-06T00:00:00,Bkash,bKash,Moin,,0.00,0.00,,,,,FFB6D7A8,00000000,PAYMENT_CANDIDATE,PENDING_RECONCILIATION
NS Foundation March-2025.xlsx,March 25,13,2025-03,NSF011,Shoaib Ali,2.00,1000.00,1000.00,2025-03-11T00:00:00,Bkash,bKash,Moin,,0.00,0.00,,,,,FFFF0000,FFFF0000,PAYMENT_CANDIDATE,PENDING_RECONCILIATION
NS Foundation March-2025.xlsx,March 25,14,2025-03,NSF012,Rakib Talukder,2.00,1000.00,1000.00,2025-03-13T00:00:00,Nagad,Nagad,Samrat,,0.00,0.00,,,,,FFB6D7A8,00000000,PAYMENT_CANDIDATE,PENDING_RECONCILIATION
NS Foundation March-2025.xlsx,March 25,15,2025-03,NSF013,H. M Ali Hossain,2.00,1000.00,,,Select,,Select,,1040.00,40.00,40.00,40.00,,,FFB6D7A8,00000000,DUE_OR_UNPAID_REVIEW,PENDING_RECONCILIATION
NS Foundation March-2025.xlsx,March 25,16,2025-03,NSF014,MD. Mustafizur Rahman Kollol,6.00,3000.00,,,Select,,Select,,3240.00,240.00,,,,,FFB6D7A8,00000000,DUE_OR_UNPAID_REVIEW,PENDING_RECONCILIATION
NS Foundation March-2025.xlsx,March 25,17,2025-03,NSF015,Kawsar Ullah,1.00,500.00,500.00,2025-03-05T00:00:00,Select,,Select,,0.00,0.00,10.00,,,,FFB6D7A8,00000000,PAYMENT_CANDIDATE,PENDING_RECONCILIATION
NS Foundation March-2025.xlsx,March 25,18,2025-03,NSF016,Arifur Rahman -Patuakhali,1.00,500.00,,,Select,,Select,,540.00,40.00,,,,,FFB6D7A8,00000000,DUE_OR_UNPAID_REVIEW,PENDING_RECONCILIATION
NS Foundation March-2025.xlsx,March 25,19,2025-03,NSF017,Mamun Mridha,4.00,2000.00,2000.00,2025-03-13T00:00:00,Nagad,Nagad,Samrat,,0.00,0.00,,,,,FFB6D7A8,00000000,PAYMENT_CANDIDATE,PENDING_RECONCILIATION
NS Foundation March-2025.xlsx,March 25,20,2025-03,NSF018,Masum Billah,2.00,1000.00,,,Select,,Select,,1080.00,80.00,,,,,FFB6D7A8,00000000,DUE_OR_UNPAID_REVIEW,PENDING_RECONCILIATION
NS Foundation March-2025.xlsx,March 25,21,2025-03,NSF019,Mamun Al Mahin- Ptk,2.00,1000.00,,,Select,,Select,,1080.00,80.00,,,,,FFB6D7A8,00000000,DUE_OR_UNPAID_REVIEW,PENDING_RECONCILIATION
NS Foundation March-2025.xlsx,March 25,22,2025-03,NSF020,Nasim Billah Rafi,1.00,500.00,,,Select,,Select,,540.00,40.00,,,,,FFB6D7A8,00000000,DUE_OR_UNPAID_REVIEW,PENDING_RECONCILIATION
NS Foundation March-2025.xlsx,March 25,23,2025-03,NSF021,MD. Tawhid Islam,2.00,1000.00,,,Select,,Select,,1080.00,80.00,,,,,FFB6D7A8,00000000,DUE_OR_UNPAID_REVIEW,PENDING_RECONCILIATION
NS Foundation March-2025.xlsx,March 25,24,2025-03,NSF022,Mahmudur Rahman Hasib,2.00,1000.00,,,Select,,Select,,1080.00,80.00,,,,,FFB6D7A8,00000000,DUE_OR_UNPAID_REVIEW,PENDING_RECONCILIATION
NS Foundation March-2025.xlsx,March 25,25,2025-03,NSF023,MD. Abdullah Al Jobair,1.00,500.00,,,Select,,Select,,540.00,40.00,,,,,FFB6D7A8,00000000,DUE_OR_UNPAID_REVIEW,PENDING_RECONCILIATION
NS Foundation March-2025.xlsx,March 25,26,2025-03,NSF024,Arif - Gowranodi,1.00,500.00,500.00,2025-03-05T00:00:00,Bkash,bKash,Moin,,0.00,0.00,,,,,FFB6D7A8,00000000,PAYMENT_CANDIDATE,PENDING_RECONCILIATION
NS Foundation March-2025.xlsx,March 25,27,2025-03,NSF025,Sible Iqbal,2.00,1000.00,7350.00,2025-03-15T00:00:00,Bank,Bank,Moin,,0.00,0.00,,,,,FFB6D7A8,00000000,PAYMENT_CANDIDATE,PENDING_RECONCILIATION
NS Foundation March-2025.xlsx,March 25,28,2025-03,NSF026,Shikder Tanim,1.00,500.00,,,Select,,Select,,540.00,40.00,,,,,FFB6D7A8,00000000,DUE_OR_UNPAID_REVIEW,PENDING_RECONCILIATION
NS Foundation March-2025.xlsx,March 25,29,2025-03,NSF027,Mamun Al Mahin (Khulna),1.00,500.00,500.00,2025-03-11T00:00:00,Bkash,bKash,Moin,,0.00,0.00,,,,,FFB6D7A8,00000000,PAYMENT_CANDIDATE,PENDING_RECONCILIATION
NS Foundation March-2025.xlsx,March 25,30,2025-03,NSF028,Al Amin Sohel Khandaker,2.00,1000.00,,,Select,,Select,,1080.00,80.00,,,,,FFB6D7A8,00000000,DUE_OR_UNPAID_REVIEW,PENDING_RECONCILIATION
NS Foundation March-2025.xlsx,March 25,31,2025-03,NSF029,Hasan Al Emran,1.00,500.00,1000.00,2025-03-05T00:00:00,Bank,Bank,Moin,,0.00,0.00,,,,Advanced Paid for February,FFB6D7A8,00000000,PAYMENT_CANDIDATE,PENDING_RECONCILIATION
NS Foundation March-2025.xlsx,March 25,32,2025-03,NSF030,H. M Wali Ullah,2.00,1000.00,1000.00,2025-03-04T00:00:00,Bank,Bank,Moin,,0.00,0.00,,,,,FFB6D7A8,00000000,PAYMENT_CANDIDATE,PENDING_RECONCILIATION
NS Foundation March-2025.xlsx,March 25,33,2025-03,NSF031,Yasin Arafat,1.00,500.00,,,Select,,Select,,540.00,40.00,,,,,FFB6D7A8,00000000,DUE_OR_UNPAID_REVIEW,PENDING_RECONCILIATION
NS Foundation March-2025.xlsx,March 25,34,2025-03,NSF032,Ahsan Ul Tanvir,2.00,1000.00,,,Select,,Select,,1080.00,80.00,,,,,FFB6D7A8,00000000,DUE_OR_UNPAID_REVIEW,PENDING_RECONCILIATION
NS Foundation March-2025.xlsx,March 25,35,2025-03,NSF033,H. M Sakawat Ullah,2.00,1000.00,,,Select,,Select,,1040.00,40.00,40.00,40.00,,,FFB6D7A8,00000000,DUE_OR_UNPAID_REVIEW,PENDING_RECONCILIATION
NS Foundation March-2025.xlsx,March 25,36,2025-03,NSF034,Abu Bakar Rohan,4.00,2000.00,2000.00,2025-03-13T00:00:00,Bkash,bKash,Moin,,0.00,0.00,,40.00,,,FFB6D7A8,00000000,PAYMENT_CANDIDATE,PENDING_RECONCILIATION
NS Foundation March-2025.xlsx,March 25,37,2025-03,NSF035,Mamunur Rashid,1.00,500.00,,,Select,,Select,,540.00,40.00,,,,Advanced Paid for Jan-Dec 2025. Jan penalty given waiver for advanced payment,FFB6D7A8,00000000,DUE_OR_UNPAID_REVIEW,PENDING_RECONCILIATION
